block_id,trans_id,block_time,activity_type,from_address,to_address,token_address,token_decimals,amount,flow,value
284784260,2qiD6UxyX7Svpeydexf9hpMX58Q9abLBbLr2xZwsZq6X5FcjLLKbS9kw8tR4RioMEmSRRbfxPMvdS2nDQS5JmSUt,1724172882,ACTIVITY_SPL_TRANSFER,8QAG8Zjv8xYdog8QRmiC3WcK9z3bC2fKREqVojuksvPT,FC3e3UWJrTaLfJo9CHuY7G5c7heuRAnHefu5YVktKeHj,EPjFWdd5AufqSSqeM2qN1xzybapC8G4wEGGkZwyTDt1v,6,0,out,0
284563258,4pFoqLD7ihA4RWXgmBGcYWwd3yE3sdST8PwZSF3jiK5UTEtBG4oy2D3F4GqU2Ayk7tDYVeJHzm3e8oNbtdUFiSDV,1724076105,ACTIVITY_SPL_TRANSFER,8QAG8Zjv8xYdog8QRmiC3WcK9z3bC2fKREqVojuksvPT,zcTEyCVwoiPR5pZHcuzR5nxaoYpscj66SkHJKAAub7J,EPjFWdd5AufqSSqeM2qN1xzybapC8G4wEGGkZwyTDt1v,6,1499000000,out,0
271320206,wt8n9Na9Z7JnsWUTpcCUyz9sU8UnEMgBw22ymreHyECySbAF2YbBjEwHBsrf7YPWiyHQVin1myBvj5n8yicnoAg,1718158700,ACTIVITY_SPL_TRANSFER,AaBa7ibJXQEH74vKfzSe5oCitNc4df31NHFCkdUn5kcL,8QAG8Zjv8xYdog8QRmiC3WcK9z3bC2fKREqVojuksvPT,EPjFWdd5AufqSSqeM2qN1xzybapC8G4wEGGkZwyTDt1v,6,1499000000,in,0
269280333,24Eq5U9vRngv3AN1ck9saodSKh32Ycs7AYPdNdH4KAJcrXqE47wYPHEUvCBALqr5yqRcG9WGtZDytgiTR33cBo1M,1717264646,ACTIVITY_SPL_TRANSFER,8QAG8Zjv8xYdog8QRmiC3WcK9z3bC2fKREqVojuksvPT,zcTEyCVwoiPR5pZHcuzR5nxaoYpscj66SkHJKAAub7J,EPjFWdd5AufqSSqeM2qN1xzybapC8G4wEGGkZwyTDt1v,6,1499000000,out,0
269258869,5USsLd69PD1AGsQ2oDQCQcZGf53ggUWK6bRVbVn62tRXf1JHtCfmN39fzeSutyQgnLrfcqLQgDC4BFoZXThVQ3TA,1717255252,ACTIVITY_SPL_TRANSFER,3nDeeLAYfCs6w7LiXQsoFQMyDnUmTk11YTHQ2mw1ytZy,8QAG8Zjv8xYdog8QRmiC3WcK9z3bC2fKREqVojuksvPT,EPjFWdd5AufqSSqeM2qN1xzybapC8G4wEGGkZwyTDt1v,6,1499000000,in,0
269249869,65rWUMRTf4vvHsugytenPcKvF3cBKW3D2CtUQSJkGj49e2jHLXZFQnXbD9sJcsLXgAfBBxdsQvzhQd6DeCTzHEjd,1717251291,ACTIVITY_SPL_TRANSFER,8QAG8Zjv8xYdog8QRmiC3WcK9z3bC2fKREqVojuksvPT,zcTEyCVwoiPR5pZHcuzR5nxaoYpscj66SkHJKAAub7J,EPjFWdd5AufqSSqeM2qN1xzybapC8G4wEGGkZwyTDt1v,6,1499000000,out,0
268054477,53LcfG8t8LwEebdvxpmvCXWvfQUf1E2qfTF8BENysEGbhWyaGoJba1N1jkwjECcHe83ucHU9ft4snGZfhnVxaeRG,1716724574,ACTIVITY_SPL_TRANSFER,A5vB7ik68pSuqa7VGtCYo7iTaA4VytY9Lknk1hEGzatf,8QAG8Zjv8xYdog8QRmiC3WcK9z3bC2fKREqVojuksvPT,EPjFWdd5AufqSSqeM2qN1xzybapC8G4wEGGkZwyTDt1v,6,1499000000,in,0
267458889,iXxLnagJTjN3nuFKNYQ86PUggqESa51uYW2Bzw9iGT2Jd1mLh42K3qmF2d5ZCz9HF3dcoXJK7prgoCBjf9qSnKw,1716453466,ACTIVITY_SPL_TRANSFER,8QAG8Zjv8xYdog8QRmiC3WcK9z3bC2fKREqVojuksvPT,zcTEyCVwoiPR5pZHcuzR5nxaoYpscj66SkHJKAAub7J,EPjFWdd5AufqSSqeM2qN1xzybapC8G4wEGGkZwyTDt1v,6,0,out,0
266880496,4jDfdwYRMoJ5FmozCpCZu1vYUuwLnjZuHVffNx58yBLMiU3PNeni4owEBYC9zG3ebTBEWbDYXk2ToDKCvK2WT2wc,1716196519,ACTIVITY_SPL_TRANSFER,8QAG8Zjv8xYdog8QRmiC3WcK9z3bC2fKREqVojuksvPT,zcTEyCVwoiPR5pZHcuzR5nxaoYpscj66SkHJKAAub7J,EPjFWdd5AufqSSqeM2qN1xzybapC8G4wEGGkZwyTDt1v,6,1499000000,out,0
266300410,2hQjRF2SPrR19BAEA7AvjwAervm1RM2Xr6agikxA5GEk9RnzZVmBNf5Hrb1wT1asztzAjbDjTSg76Ej8VWWKzQ2p,1715941216,ACTIVITY_SPL_TRANSFER,BxJtJX1A9ikyHioYuBWA5K3jgywfLnfnvmG1NiTuJJCs,8QAG8Zjv8xYdog8QRmiC3WcK9z3bC2fKREqVojuksvPT,EPjFWdd5AufqSSqeM2qN1xzybapC8G4wEGGkZwyTDt1v,6,1499000000,in,0
264751209,65uhakHQDrpHvc8ZNnRBmkqvt95ywnJjogUDWqqvxYcQCAxsxJW7uTSAwDNhRuKfLGDkuMCoXhDD2KCbXBvs4L1e,1715252357,ACTIVITY_SPL_TRANSFER,8QAG8Zjv8xYdog8QRmiC3WcK9z3bC2fKREqVojuksvPT,zcTEyCVwoiPR5pZHcuzR5nxaoYpscj66SkHJKAAub7J,EPjFWdd5AufqSSqeM2qN1xzybapC8G4wEGGkZwyTDt1v,6,10493000000,out,0
263761464,3pdSSutTK1nCtKx2nh3rY9vXnjmYiyEFfPSJ7ZtFasqDbpCLHuuDS6PLJyDqD3qyL4QbGRxBzWjRC71ruXfPdFuF,1714796268,ACTIVITY_SPL_TRANSFER,AaBa7ibJXQEH74vKfzSe5oCitNc4df31NHFCkdUn5kcL,8QAG8Zjv8xYdog8QRmiC3WcK9z3bC2fKREqVojuksvPT,EPjFWdd5AufqSSqeM2qN1xzybapC8G4wEGGkZwyTDt1v,6,1499000000,in,0
263761446,4FurPBaymnfiEWAM1vZRwr7ZDeo7Nv8CihDx8NSy2XMF7MUFHZTYe28f3x3GYvN6bDmLNuj3ukacAtYcTiZtqxBU,1714796259,ACTIVITY_SPL_TRANSFER,AaBa7ibJXQEH74vKfzSe5oCitNc4df31NHFCkdUn5kcL,8QAG8Zjv8xYdog8QRmiC3WcK9z3bC2fKREqVojuksvPT,EPjFWdd5AufqSSqeM2qN1xzybapC8G4wEGGkZwyTDt1v,6,1499000000,in,0
263158020,QtVjHan6bi7WeqRdqZP1SsFQ7wX8BL7hCMxUEiNk96UrudeWsiDKG6wjNhUGf82dLZbaxL2DWXVersnHv6BNaEn,1714516994,ACTIVITY_SPL_TRANSFER,8fSrKBDyWwjvWdtB8mwduYW2xy1s3PFJ97h7DkTVEwn1,8QAG8Zjv8xYdog8QRmiC3WcK9z3bC2fKREqVojuksvPT,EPjFWdd5AufqSSqeM2qN1xzybapC8G4wEGGkZwyTDt1v,6,1499000000,in,0
263157610,2m3zDN7MVhsnD1Qc2fXfncWPKA5mHRhdwhMyLZd4mHX4TuiHQXdJGym2jcMvgrkpKHkowTtTa1fxYLJKr9pQsQHH,1714516800,ACTIVITY_SPL_TRANSFER,8fSrKBDyWwjvWdtB8mwduYW2xy1s3PFJ97h7DkTVEwn1,8QAG8Zjv8xYdog8QRmiC3WcK9z3bC2fKREqVojuksvPT,EPjFWdd5AufqSSqeM2qN1xzybapC8G4wEGGkZwyTDt1v,6,1499000000,in,0
262875066,4kVWQvPuyE3Nqv3E3ThE9RuCVKPyBtRmubbYkwspL6trFgxsGuceugTufe6JHqmx5iqZRF4hp2LZ9ciYjGL3dUyh,1714384921,ACTIVITY_SPL_TRANSFER,GtAuxSHt273EJhxpV7HXLcy4uQaUCmv6oRRZKwnQUsBe,8QAG8Zjv8xYdog8QRmiC3WcK9z3bC2fKREqVojuksvPT,EPjFWdd5AufqSSqeM2qN1xzybapC8G4wEGGkZwyTDt1v,6,1499000000,in,0
262874692,45EChpUqfCtuZaXjgN1oVBcuQoHmTE3vMQ7qHpJiCxmg2w5w2U5myv72uazqhuUQbNNLreqaejgCe9Q95SVWQUEZ,1714384741,ACTIVITY_SPL_TRANSFER,GtAuxSHt273EJhxpV7HXLcy4uQaUCmv6oRRZKwnQUsBe,8QAG8Zjv8xYdog8QRmiC3WcK9z3bC2fKREqVojuksvPT,EPjFWdd5AufqSSqeM2qN1xzybapC8G4wEGGkZwyTDt1v,6,1499000000,in,0
262849820,2gL4coBZJC8pGMiMQRke8tG1haPFBZCTPg6dqPAno3oAWNqZprJqrV4qRen9biHaFEJJF6GtRgnzArzxpVcamckM,1714373275,ACTIVITY_SPL_TRANSFER,mMc7639rRDFnTFnmvGXXGeCGeXnJNVEEZgiSPMEzrZy,8QAG8Zjv8xYdog8QRmiC3WcK9z3bC2fKREqVojuksvPT,EPjFWdd5AufqSSqeM2qN1xzybapC8G4wEGGkZwyTDt1v,6,1499000000,in,0
262814938,619YiWxvJm3unxwAKMiqV1knf2FzF8AMa5TXgD7BxXEGdyJHhv9yC3fVEJHubkxFF78BBUzQuCEivgQ2RWVvEcEF,1714357096,ACTIVITY_SPL_TRANSFER,8QAG8Zjv8xYdog8QRmiC3WcK9z3bC2fKREqVojuksvPT,zcTEyCVwoiPR5pZHcuzR5nxaoYpscj66SkHJKAAub7J,EPjFWdd5AufqSSqeM2qN1xzybapC8G4wEGGkZwyTDt1v,6,2998000000,out,0
262804111,2xd58AqUC6emiAgNTdULfrFqN86cHCVrdx51nkPYpUof4LP15Eao7c66NgjVaU2N4i5fxMxkhNgxMD28yEhZHh8M,1714352039,ACTIVITY_SPL_TRANSFER,Ba2ubeksDrDSo5aTCfgAEc5Q72TBefhr6J3rsxb84h9t,8QAG8Zjv8xYdog8QRmiC3WcK9z3bC2fKREqVojuksvPT,EPjFWdd5AufqSSqeM2qN1xzybapC8G4wEGGkZwyTDt1v,6,1499000000,in,0
262803845,4fuULZzPaUyEGYNWbUzHsp2Y8xFk43VJ2ZzJtR7xrauofZQHMKDtJyjPbtsWpbbwPto4i2z8i4hXyvnk3aNo3aSp,1714351912,ACTIVITY_SPL_TRANSFER,Ba2ubeksDrDSo5aTCfgAEc5Q72TBefhr6J3rsxb84h9t,8QAG8Zjv8xYdog8QRmiC3WcK9z3bC2fKREqVojuksvPT,EPjFWdd5AufqSSqeM2qN1xzybapC8G4wEGGkZwyTDt1v,6,1499000000,in,0
262650343,3QXZmqarJizh6sFowrfyaYnXoryGYXi5wALZoKVhaWiwoAgWPso7imsFu4zcNCMv8EmJv95LPAdGr8ZD7o9jBNQh,1714279008,ACTIVITY_SPL_TRANSFER,8QAG8Zjv8xYdog8QRmiC3WcK9z3bC2fKREqVojuksvPT,zcTEyCVwoiPR5pZHcuzR5nxaoYpscj66SkHJKAAub7J,EPjFWdd5AufqSSqeM2qN1xzybapC8G4wEGGkZwyTDt1v,6,8994000000,out,0
262558657,7dLfXJqp9TMmCrtaEBzR5xBecezLW34D5RiwCE78gwypuyJzDs1qxhTeYZ2jiYWytvhmwCPRAzd7eCYutzsDrbA,1714235378,ACTIVITY_SPL_TRANSFER,Ba2ubeksDrDSo5aTCfgAEc5Q72TBefhr6J3rsxb84h9t,8QAG8Zjv8xYdog8QRmiC3WcK9z3bC2fKREqVojuksvPT,EPjFWdd5AufqSSqeM2qN1xzybapC8G4wEGGkZwyTDt1v,6,1499000000,in,0
262558269,EHbLxf6FTasiXPu6kutwTGJXDnq2NCdpqXaNfVQHDnUCtrFaV2BsvomRktE59vg1yXfSBneixfBgzQMrGtNRqEh,1714235190,ACTIVITY_SPL_TRANSFER,Ba2ubeksDrDSo5aTCfgAEc5Q72TBefhr6J3rsxb84h9t,8QAG8Zjv8xYdog8QRmiC3WcK9z3bC2fKREqVojuksvPT,EPjFWdd5AufqSSqeM2qN1xzybapC8G4wEGGkZwyTDt1v,6,1499000000,in,0
262402085,2MJgvpvrzrcb2FGSMXpE3jMbW7QXuK866gHxcgmSPdac4LSp1aMYNsLPi7q2kWwFeEHwcK4f4yx7tfgbsXVbp1W1,1714161875,ACTIVITY_SPL_TRANSFER,AHLVs3NmtUAttspbq1SyoJVsfUxiQDfkqiwFSPXY7uGP,8QAG8Zjv8xYdog8QRmiC3WcK9z3bC2fKREqVojuksvPT,EPjFWdd5AufqSSqeM2qN1xzybapC8G4wEGGkZwyTDt1v,6,1499000000,in,0
262322797,4JJZcStGgBRVk2fphYNUvUypTCBET9kboHkdw5eBKBtC1sbkyge6ArdpxQ5aqkPUEPy4s4k4z3xg3hrCsnTk6rYY,1714124369,ACTIVITY_SPL_TRANSFER,84wgSfdEZf58ehxsC4mo8qTAUotMauhKFLvYYgJgCVwd,8QAG8Zjv8xYdog8QRmiC3WcK9z3bC2fKREqVojuksvPT,EPjFWdd5AufqSSqeM2qN1xzybapC8G4wEGGkZwyTDt1v,6,1499000000,in,0
262178667,KJFPkgkZE9n3Aj465rRM2c1mhvpf63sUSgx6hXT79ySQhoGWgLrE8pCgxYffgP4JkdZdQvSYVkwHrKhTHT5Eso7,1714056035,ACTIVITY_SPL_TRANSFER,Ba2ubeksDrDSo5aTCfgAEc5Q72TBefhr6J3rsxb84h9t,8QAG8Zjv8xYdog8QRmiC3WcK9z3bC2fKREqVojuksvPT,EPjFWdd5AufqSSqeM2qN1xzybapC8G4wEGGkZwyTDt1v,6,1499000000,in,0
262177907,2EDAiA3mLwWfstJMJ1D8nVbcPJxRQ35avZ6aEfFU7gCWsMPGM7kU9v5zrgiZsZB9Wp5HQK9v1oJr5SQBFLBbWQhD,1714055680,ACTIVITY_SPL_TRANSFER,Ba2ubeksDrDSo5aTCfgAEc5Q72TBefhr6J3rsxb84h9t,8QAG8Zjv8xYdog8QRmiC3WcK9z3bC2fKREqVojuksvPT,EPjFWdd5AufqSSqeM2qN1xzybapC8G4wEGGkZwyTDt1v,6,1499000000,in,0
261204881,4mzj5itA4f1zArcezQs1ttwDb6W1GwQu5poPtV5ytoekwaK9g3cqSNZ2SXZd5rT6HHAyfxofQ5PBqcpbsjmXCdLJ,1713603330,ACTIVITY_SPL_TRANSFER,8QAG8Zjv8xYdog8QRmiC3WcK9z3bC2fKREqVojuksvPT,zcTEyCVwoiPR5pZHcuzR5nxaoYpscj66SkHJKAAub7J,EPjFWdd5AufqSSqeM2qN1xzybapC8G4wEGGkZwyTDt1v,6,2998000000,out,0
261146419,5vCdihXQm8AFYTdV163A2kY59MQycptJnm8cMCpdnm4v3AiTot937PDuDa3x84uJUp1UsNxG5MZsfygxpb7j1q9K,1713576746,ACTIVITY_SPL_TRANSFER,9fo3tPXfPU21FA2ixKgtL61DWtM6eeB86ozXERgRmwaR,8QAG8Zjv8xYdog8QRmiC3WcK9z3bC2fKREqVojuksvPT,EPjFWdd5AufqSSqeM2qN1xzybapC8G4wEGGkZwyTDt1v,6,1499000000,in,0
261145746,4yKE79FgXrG8GA2EEKj4skS62yGV5GJ7JXUK1x8oaRWwxtfxEQkBZ5HzvMBG6a1v6xUYWa3PoMax5zSaAu81dhNZ,1713576443,ACTIVITY_SPL_TRANSFER,3nDeeLAYfCs6w7LiXQsoFQMyDnUmTk11YTHQ2mw1ytZy,8QAG8Zjv8xYdog8QRmiC3WcK9z3bC2fKREqVojuksvPT,EPjFWdd5AufqSSqeM2qN1xzybapC8G4wEGGkZwyTDt1v,6,1499000000,in,0
261039323,2vWKejFCnX4jgEAvuPxrohvECkvGqCa8aueWWRCT2EsX85cwdtc87Hx5SU4gQzsDeUyTzaj62ppMd3oDFgkKbGXM,1713527696,ACTIVITY_SPL_TRANSFER,8QAG8Zjv8xYdog8QRmiC3WcK9z3bC2fKREqVojuksvPT,zcTEyCVwoiPR5pZHcuzR5nxaoYpscj66SkHJKAAub7J,EPjFWdd5AufqSSqeM2qN1xzybapC8G4wEGGkZwyTDt1v,6,13491000000,out,0
260990214,3fFuNaLYFXSCJ1oqMNhxjaw7GUD4m5Ytp7SxP1XihQJZRHq9NHPL7EQwiAfizPnLyK2dHga3N2d1mUVnsYUjrQ52,1713505471,ACTIVITY_SPL_TRANSFER,2DJ5ZiTg471RT14GL7Cea97diQBBbAQW94sCSExYKh6g,8QAG8Zjv8xYdog8QRmiC3WcK9z3bC2fKREqVojuksvPT,EPjFWdd5AufqSSqeM2qN1xzybapC8G4wEGGkZwyTDt1v,6,1499000000,in,0
260986846,4YBVKq3i2s4Ss8tdcPu7JRswfRmuBgsxmbKzZsPKJH6Sz3WPQ2c6KabyPmH9zqX2E5cq1HFh42HpZaCwZBtM6CPV,1713503893,ACTIVITY_SPL_TRANSFER,2DJ5ZiTg471RT14GL7Cea97diQBBbAQW94sCSExYKh6g,8QAG8Zjv8xYdog8QRmiC3WcK9z3bC2fKREqVojuksvPT,EPjFWdd5AufqSSqeM2qN1xzybapC8G4wEGGkZwyTDt1v,6,1499000000,in,0
260852615,FckDfznMPEUF4FRTCYd8RZGvgHqzGc8wC9ogA35MdVePpXrKzLYqBVxRkkB2Acroz4mkizhJnZHqMvdG9aiNB3q,1713444155,ACTIVITY_SPL_TRANSFER,3nDeeLAYfCs6w7LiXQsoFQMyDnUmTk11YTHQ2mw1ytZy,8QAG8Zjv8xYdog8QRmiC3WcK9z3bC2fKREqVojuksvPT,EPjFWdd5AufqSSqeM2qN1xzybapC8G4wEGGkZwyTDt1v,6,1499000000,in,0
260801173,5K5pbovksLaUF5CH5fgpM4FXMBRkQ3fPsA94pW2mf95fE7TSLkTr6HA4fwYu7Rcb7xJYVif1Kiv9PTrUKWUHt7hA,1713421965,ACTIVITY_SPL_TRANSFER,2DJ5ZiTg471RT14GL7Cea97diQBBbAQW94sCSExYKh6g,8QAG8Zjv8xYdog8QRmiC3WcK9z3bC2fKREqVojuksvPT,EPjFWdd5AufqSSqeM2qN1xzybapC8G4wEGGkZwyTDt1v,6,1499000000,in,0
260800720,Q8Wj94vLS7sL2a5aGRnPhx1DkA1NbprZR2oRKads8rs1i8UCxQYvRoWXz76VF8qYCJAebzyMHp19VXS6pRNEB15,1713421765,ACTIVITY_SPL_TRANSFER,2DJ5ZiTg471RT14GL7Cea97diQBBbAQW94sCSExYKh6g,8QAG8Zjv8xYdog8QRmiC3WcK9z3bC2fKREqVojuksvPT,EPjFWdd5AufqSSqeM2qN1xzybapC8G4wEGGkZwyTDt1v,6,1499000000,in,0
260800670,3Dxw41VnTQqgPKNXZXnxKUbfefCrsSHf2N28aCsUtPruaLxozqmdMUrRwxKFX6ERhs9AkU6hYA9cTJQm86wPQLDf,1713421744,ACTIVITY_SPL_TRANSFER,2DJ5ZiTg471RT14GL7Cea97diQBBbAQW94sCSExYKh6g,8QAG8Zjv8xYdog8QRmiC3WcK9z3bC2fKREqVojuksvPT,EPjFWdd5AufqSSqeM2qN1xzybapC8G4wEGGkZwyTDt1v,6,1499000000,in,0
260800322,22Ff3BExxbjM3ewAaaqTUdEcvq6xXjszpGti4E4hZVG2TH5n8MKkM4r9oCgZa1ZFpn4CXdnFopn4kGB3j5hLWnTV,1713421594,ACTIVITY_SPL_TRANSFER,2DJ5ZiTg471RT14GL7Cea97diQBBbAQW94sCSExYKh6g,8QAG8Zjv8xYdog8QRmiC3WcK9z3bC2fKREqVojuksvPT,EPjFWdd5AufqSSqeM2qN1xzybapC8G4wEGGkZwyTDt1v,6,1499000000,in,0
260799801,5jCPCkYpozWgc3aPtox8CNdHkQzgYYgzwLnem2iCqYNK2Qi87wzpbNe3jkkbGapm1unVmCuHrwvUs4tQtub9UnYp,1713421374,ACTIVITY_SPL_TRANSFER,2DJ5ZiTg471RT14GL7Cea97diQBBbAQW94sCSExYKh6g,8QAG8Zjv8xYdog8QRmiC3WcK9z3bC2fKREqVojuksvPT,EPjFWdd5AufqSSqeM2qN1xzybapC8G4wEGGkZwyTDt1v,6,1499000000,in,0
260799573,2mSMKjFMjGhNxdJaKzacD1G4MsJq92khiozn548JFgBpT2ZUx58r18CtiNyEXqGnrhku8VX3TZFQVrqVpyDNJvjX,1713421273,ACTIVITY_SPL_TRANSFER,2DJ5ZiTg471RT14GL7Cea97diQBBbAQW94sCSExYKh6g,8QAG8Zjv8xYdog8QRmiC3WcK9z3bC2fKREqVojuksvPT,EPjFWdd5AufqSSqeM2qN1xzybapC8G4wEGGkZwyTDt1v,6,1499000000,in,0
260605939,2NmVVHs8orGWSgwuZnSHWPGtqakg4d2r6d1snnZ3WGjaBk8SxpCsicZ8aUiRwFpETvJ44dVZYr5aKPZSYexVka8q,1713336526,ACTIVITY_SPL_TRANSFER,8QAG8Zjv8xYdog8QRmiC3WcK9z3bC2fKREqVojuksvPT,zcTEyCVwoiPR5pZHcuzR5nxaoYpscj66SkHJKAAub7J,EPjFWdd5AufqSSqeM2qN1xzybapC8G4wEGGkZwyTDt1v,6,2998000000,out,0
260446615,4vvUpxHgFQsKceaUdzS4ba13zSdiVpzdWjYJgY22Yv1gFpwnGeyCUJKjGuuqmLj1nWXKCPQuhkAN8YuNeEREgcib,1713266248,ACTIVITY_SPL_TRANSFER,CT5r39rNoPXiWAomR1SodsYqswCp424UYv6kK7wbk5ox,8QAG8Zjv8xYdog8QRmiC3WcK9z3bC2fKREqVojuksvPT,EPjFWdd5AufqSSqeM2qN1xzybapC8G4wEGGkZwyTDt1v,6,1499000000,in,0
259914448,2czRMXAjuWmNvjuuFortytt6KXNCvpGLUXsLpX7rg4h7ExDahXgTUpA9y2g5cbs4Z56AWPQhKFjmExKSLWiVm6nY,1713020563,ACTIVITY_SPL_TRANSFER,3nDeeLAYfCs6w7LiXQsoFQMyDnUmTk11YTHQ2mw1ytZy,8QAG8Zjv8xYdog8QRmiC3WcK9z3bC2fKREqVojuksvPT,EPjFWdd5AufqSSqeM2qN1xzybapC8G4wEGGkZwyTDt1v,6,1499000000,in,0
259780321,1TpjGu3HXKWddctCivV7jE66SY5X89Hr2YDgjFGscMcM315ZkzRZiPMJ31dgxLCCycMeEb43ANEe47nTSGUcZb6,1712956843,ACTIVITY_SPL_TRANSFER,8QAG8Zjv8xYdog8QRmiC3WcK9z3bC2fKREqVojuksvPT,zcTEyCVwoiPR5pZHcuzR5nxaoYpscj66SkHJKAAub7J,EPjFWdd5AufqSSqeM2qN1xzybapC8G4wEGGkZwyTDt1v,6,0,out,0
259732436,3Hj1epcoTXotv4e3wAHRU93MthNZ8PT4KtB5FhF6nyE2i7imCMCWaxpAh68kLhwwDJeox3ierdQCkNy9JvKxxg3D,1712933761,ACTIVITY_SPL_TRANSFER,8QAG8Zjv8xYdog8QRmiC3WcK9z3bC2fKREqVojuksvPT,zcTEyCVwoiPR5pZHcuzR5nxaoYpscj66SkHJKAAub7J,EPjFWdd5AufqSSqeM2qN1xzybapC8G4wEGGkZwyTDt1v,6,5996000000,out,0
259563431,2ssodFjgUio1ZueiWJmoaQzSd9AhXQgUd8ejqAJ5uxbJU2qhnib5HxJJ268vfUeLdoCSwcMfvADVzxDpZapXHiB7,1712851486,ACTIVITY_SPL_TRANSFER,2DJ5ZiTg471RT14GL7Cea97diQBBbAQW94sCSExYKh6g,8QAG8Zjv8xYdog8QRmiC3WcK9z3bC2fKREqVojuksvPT,EPjFWdd5AufqSSqeM2qN1xzybapC8G4wEGGkZwyTDt1v,6,1499000000,in,0
259528638,3wN9tMgwr8SgEXvtaaeKZzknYgab26STcQ2EwJesJUZ5CpQmmS7hhHGDnhKrzE9d2YAbTsFgwqHVHCyj4c2sj3F9,1712834492,ACTIVITY_SPL_TRANSFER,2DJ5ZiTg471RT14GL7Cea97diQBBbAQW94sCSExYKh6g,8QAG8Zjv8xYdog8QRmiC3WcK9z3bC2fKREqVojuksvPT,EPjFWdd5AufqSSqeM2qN1xzybapC8G4wEGGkZwyTDt1v,6,1499000000,in,0
259516644,25QX68AxUDyJxL61b6HJKuf4AhGdR7f9dn16JcAuU866nBDqP6iSDfqXBFPph3N9NAUbAqnhK8SFxu8voykrq9R6,1712828629,ACTIVITY_SPL_TRANSFER,2DJ5ZiTg471RT14GL7Cea97diQBBbAQW94sCSExYKh6g,8QAG8Zjv8xYdog8QRmiC3WcK9z3bC2fKREqVojuksvPT,EPjFWdd5AufqSSqeM2qN1xzybapC8G4wEGGkZwyTDt1v,6,1499000000,in,0
259512357,3itX8ZceAEPpVMiF2DH55PpU52V6rmHwHEETHeQ5g8R8fzgw4x3o7cwZq9qdurnKTP6RAo4xpzEShKNJmoPogx1J,1712826529,ACTIVITY_SPL_TRANSFER,2DJ5ZiTg471RT14GL7Cea97diQBBbAQW94sCSExYKh6g,8QAG8Zjv8xYdog8QRmiC3WcK9z3bC2fKREqVojuksvPT,EPjFWdd5AufqSSqeM2qN1xzybapC8G4wEGGkZwyTDt1v,6,1499000000,in,0
259505217,2wVu1tryVgUdCQH8avfPUDgjkLcR2ycWcXeUPoEMi61Ycnpbmi953RUanDaeHjRnpBtvuDHCc3kqA6FKmkNaGDmL,1712823060,ACTIVITY_SPL_TRANSFER,8QAG8Zjv8xYdog8QRmiC3WcK9z3bC2fKREqVojuksvPT,zcTEyCVwoiPR5pZHcuzR5nxaoYpscj66SkHJKAAub7J,EPjFWdd5AufqSSqeM2qN1xzybapC8G4wEGGkZwyTDt1v,6,34477000000,out,0
259502712,67aC7u6dZaKR1xREL4wAn961XnoDYtrHG5HhhJX6BhichLfzht8c3bJYyCrZDMB1c1ZVt2XvCM1n51tNL6SQ8a7g,1712821851,ACTIVITY_SPL_TRANSFER,GyfGcpSFSuG1zzA2ivBZiKmfNiLXiEPrXuCf9C7q3Qsu,8QAG8Zjv8xYdog8QRmiC3WcK9z3bC2fKREqVojuksvPT,EPjFWdd5AufqSSqeM2qN1xzybapC8G4wEGGkZwyTDt1v,6,1499000000,in,0
259501590,3g5NyoB2weA9peQPLG9ZodKkHbFb3iSZPKHpnfUoqZGf9AeXW3cVYG85eA5xTs8PYvioSikjKqnEkPHBLe7DnHaD,1712821307,ACTIVITY_SPL_TRANSFER,2DJ5ZiTg471RT14GL7Cea97diQBBbAQW94sCSExYKh6g,8QAG8Zjv8xYdog8QRmiC3WcK9z3bC2fKREqVojuksvPT,EPjFWdd5AufqSSqeM2qN1xzybapC8G4wEGGkZwyTDt1v,6,1499000000,in,0
259493813,4w7dbmcfzfnYmZhHK5iWjT4oV1Lg8mbyZ2nCPLKiDfZfwtKBFGiMG7EsXFM6ncjcmmjEA21h9jVkiwY8MPMcnqJr,1712817595,ACTIVITY_SPL_TRANSFER,2DJ5ZiTg471RT14GL7Cea97diQBBbAQW94sCSExYKh6g,8QAG8Zjv8xYdog8QRmiC3WcK9z3bC2fKREqVojuksvPT,EPjFWdd5AufqSSqeM2qN1xzybapC8G4wEGGkZwyTDt1v,6,1499000000,in,0
259487853,4aiPTiLwj1h4SyftVfw3xAbqcFCs4VitSuDvrgQ2ryK2Lpy3N9aJcrr24q7zHAisGZ7RC928Ld3oFm4mtCYkbHAT,1712814666,ACTIVITY_SPL_TRANSFER,2DJ5ZiTg471RT14GL7Cea97diQBBbAQW94sCSExYKh6g,8QAG8Zjv8xYdog8QRmiC3WcK9z3bC2fKREqVojuksvPT,EPjFWdd5AufqSSqeM2qN1xzybapC8G4wEGGkZwyTDt1v,6,1499000000,in,0
259487826,2fnhdCBLSFZPy1DF4qwo4cz5t2tgiePiBWCTuvZZc8bSa9pGBMfsh3XwVmFMxTTVDyu2maYB8f4q1cnZEfnqpfd9,1712814653,ACTIVITY_SPL_TRANSFER,2DJ5ZiTg471RT14GL7Cea97diQBBbAQW94sCSExYKh6g,8QAG8Zjv8xYdog8QRmiC3WcK9z3bC2fKREqVojuksvPT,EPjFWdd5AufqSSqeM2qN1xzybapC8G4wEGGkZwyTDt1v,6,1499000000,in,0
259487431,2FuZyFpjtVLrhfLVDFzMWu5b6DLbG5QJEuBqzMTyqtEMeHyXQpwsXcvXPF6BWxs7XFSyVvXV5cSY9JEYK11HKM7H,1712814460,ACTIVITY_SPL_TRANSFER,2DJ5ZiTg471RT14GL7Cea97diQBBbAQW94sCSExYKh6g,8QAG8Zjv8xYdog8QRmiC3WcK9z3bC2fKREqVojuksvPT,EPjFWdd5AufqSSqeM2qN1xzybapC8G4wEGGkZwyTDt1v,6,1499000000,in,0
259357423,2Z4YoAboUZqUy9P5DrgtQyK61ojcw3Q8JWkLQp9c2tesJSafXzLdP4eAKx14Sg8DHo7DiCCZo1vnFpVciUubYPhk,1712750508,ACTIVITY_SPL_TRANSFER,A689yQ3YMSwSmH3km3Cz61NpeSaAT3WKQa5KQcrftsM2,8QAG8Zjv8xYdog8QRmiC3WcK9z3bC2fKREqVojuksvPT,EPjFWdd5AufqSSqeM2qN1xzybapC8G4wEGGkZwyTDt1v,6,1499000000,in,0
259346524,zDDR5AEqhhjppabrGatHmUtFacp6pPCSJmtLbzqLFsG597GbeR49xs78aZwcPmYwjzVEFarqQU65PGEJp6LffrJ,1712745076,ACTIVITY_SPL_TRANSFER,A689yQ3YMSwSmH3km3Cz61NpeSaAT3WKQa5KQcrftsM2,8QAG8Zjv8xYdog8QRmiC3WcK9z3bC2fKREqVojuksvPT,EPjFWdd5AufqSSqeM2qN1xzybapC8G4wEGGkZwyTDt1v,6,1499000000,in,0
259296889,5peR8eebR1Rqz4opBUHqAufa62gMCJThZNeiKydxGc6ejnS7eusWfENtHP29yjUTmj2dVHeqBPcYHy5L87ueVLvn,1712720505,ACTIVITY_SPL_TRANSFER,2DJ5ZiTg471RT14GL7Cea97diQBBbAQW94sCSExYKh6g,8QAG8Zjv8xYdog8QRmiC3WcK9z3bC2fKREqVojuksvPT,EPjFWdd5AufqSSqeM2qN1xzybapC8G4wEGGkZwyTDt1v,6,1499000000,in,0
259295205,4o4rvpRCAURQtV29e3SeatHLCUbh81JSRyGKVKj4QfDvHDdtFThy1gc62yocBUDxU3BxH7SGzgA1wU77K3umzPB8,1712719676,ACTIVITY_SPL_TRANSFER,2DJ5ZiTg471RT14GL7Cea97diQBBbAQW94sCSExYKh6g,8QAG8Zjv8xYdog8QRmiC3WcK9z3bC2fKREqVojuksvPT,EPjFWdd5AufqSSqeM2qN1xzybapC8G4wEGGkZwyTDt1v,6,1499000000,in,0
259293921,2oxNfX9f3Bt1n1UqTFLA5qZTizdknye3Pv9rtYKgNz3BHfwLs9NT4XjLSXgSymakXks5U1MMeVEs4Uvyis1kAg2u,1712719056,ACTIVITY_SPL_TRANSFER,2DJ5ZiTg471RT14GL7Cea97diQBBbAQW94sCSExYKh6g,8QAG8Zjv8xYdog8QRmiC3WcK9z3bC2fKREqVojuksvPT,EPjFWdd5AufqSSqeM2qN1xzybapC8G4wEGGkZwyTDt1v,6,1499000000,in,0
259188350,VH4W8BjwJBVbb1LpCJTd7Tx5vDJo94m3CpkU2zSABE1aj4rd37Z8W6HFtYmvFezLA8rWjM963K7TubuQb2Hoe5Q,1712666601,ACTIVITY_SPL_TRANSFER,DCRdKbTZ9qPyp4XfTAHXgFFbofBD3KesiU89ycdh7jHZ,8QAG8Zjv8xYdog8QRmiC3WcK9z3bC2fKREqVojuksvPT,EPjFWdd5AufqSSqeM2qN1xzybapC8G4wEGGkZwyTDt1v,6,1499000000,in,0
259187661,3hhjuNDahes96VWfeifAvFwju9PAchoqB292d2jH2Cm9P9qBMTYbPEHwrN4Q7hYJnyi2vyqsQEhDpNvf4hxNYtHm,1712666270,ACTIVITY_SPL_TRANSFER,DCRdKbTZ9qPyp4XfTAHXgFFbofBD3KesiU89ycdh7jHZ,8QAG8Zjv8xYdog8QRmiC3WcK9z3bC2fKREqVojuksvPT,EPjFWdd5AufqSSqeM2qN1xzybapC8G4wEGGkZwyTDt1v,6,1499000000,in,0
259187419,nx1Wdm4LJM3MSAWxwhjohPn9anQTF92s1UHyXB387x4C7KrzawLqYAat9vTU55NAm6BzDSwLPrqXWgxWyLkQ7Vx,1712666148,ACTIVITY_SPL_TRANSFER,DCRdKbTZ9qPyp4XfTAHXgFFbofBD3KesiU89ycdh7jHZ,8QAG8Zjv8xYdog8QRmiC3WcK9z3bC2fKREqVojuksvPT,EPjFWdd5AufqSSqeM2qN1xzybapC8G4wEGGkZwyTDt1v,6,1499000000,in,0
259180853,5CiqBUJ8XXS6UhD182JTQfAzwcsb4DBQxvn5kG2Z5AzNiTi7wN1hygH9LgVZvM2AA6K7jCx11XjjjAgUrc3z6dK8,1712662952,ACTIVITY_SPL_TRANSFER,DCRdKbTZ9qPyp4XfTAHXgFFbofBD3KesiU89ycdh7jHZ,8QAG8Zjv8xYdog8QRmiC3WcK9z3bC2fKREqVojuksvPT,EPjFWdd5AufqSSqeM2qN1xzybapC8G4wEGGkZwyTDt1v,6,1499000000,in,0
259176892,4tV4DzH6bkGroL3NqZxnRuUcAfopVCnfCkM8CreZ1w1Tcp1vCov4Pxezcf35qQu9wmaVsaEoktanEivH2t9pS2X3,1712661021,ACTIVITY_SPL_TRANSFER,DCRdKbTZ9qPyp4XfTAHXgFFbofBD3KesiU89ycdh7jHZ,8QAG8Zjv8xYdog8QRmiC3WcK9z3bC2fKREqVojuksvPT,EPjFWdd5AufqSSqeM2qN1xzybapC8G4wEGGkZwyTDt1v,6,1499000000,in,0
259174427,25Ea7YQ3v67yoSQjeVo1fXoNhKCbK4S46Ex4dhPB2wt1FQQV7J4V4mC1Stbtx2UXBPHTQGmmVNjqmrVCzYXzFAJi,1712659815,ACTIVITY_SPL_TRANSFER,DCRdKbTZ9qPyp4XfTAHXgFFbofBD3KesiU89ycdh7jHZ,8QAG8Zjv8xYdog8QRmiC3WcK9z3bC2fKREqVojuksvPT,EPjFWdd5AufqSSqeM2qN1xzybapC8G4wEGGkZwyTDt1v,6,1499000000,in,0
259174164,535CXB4GWLpb1uoFVMAvAiPJAWTGvBroc9vjKvPnH9qPXu1ynNAk1Jqm5p43xT5S171dJkokVG62wXj8gy36MLPo,1712659683,ACTIVITY_SPL_TRANSFER,DCRdKbTZ9qPyp4XfTAHXgFFbofBD3KesiU89ycdh7jHZ,8QAG8Zjv8xYdog8QRmiC3WcK9z3bC2fKREqVojuksvPT,EPjFWdd5AufqSSqeM2qN1xzybapC8G4wEGGkZwyTDt1v,6,1499000000,in,0
259053170,2MJXqRVFxZyfp8XetDuyQrYZLUDSRZDq13qcHubr3DpbKEfxfyk65L7zKXdFa7beKaTK3X4vMU3hU53zWqTia7D3,1712599612,ACTIVITY_SPL_TRANSFER,DCRdKbTZ9qPyp4XfTAHXgFFbofBD3KesiU89ycdh7jHZ,8QAG8Zjv8xYdog8QRmiC3WcK9z3bC2fKREqVojuksvPT,EPjFWdd5AufqSSqeM2qN1xzybapC8G4wEGGkZwyTDt1v,6,1499000000,in,0
259036222,2n7jZh5SXToZ7us8cn3fUjaLKimx1Y3VK4RnouMKoy6ryx91vnTqYeXNkRwk7NsvPCdLkuYmHHGQRfXcjQcgjNsV,1712591351,ACTIVITY_SPL_TRANSFER,8mcyPtiM4vZ6H4qsxP6u8cMYEqbieGkHpXtdMHMKoLsA,8QAG8Zjv8xYdog8QRmiC3WcK9z3bC2fKREqVojuksvPT,EPjFWdd5AufqSSqeM2qN1xzybapC8G4wEGGkZwyTDt1v,6,1499000000,in,0
259034670,5wKzGdiHupLcyz2c3zRSgTwsyRwcFd6DmHpGR5wNif5edsBffMNcgERXjjvZTL3LcdMNDPmkkWNUodUs1U5HQ7V2,1712590607,ACTIVITY_SPL_TRANSFER,8mcyPtiM4vZ6H4qsxP6u8cMYEqbieGkHpXtdMHMKoLsA,8QAG8Zjv8xYdog8QRmiC3WcK9z3bC2fKREqVojuksvPT,EPjFWdd5AufqSSqeM2qN1xzybapC8G4wEGGkZwyTDt1v,6,1499000000,in,0
259021986,4HNb98v6ks3aJEwKob4pwnXfrtVDPEMLS1bXUVcUEJzCk58wc6ZNpF59FrnuesM3AgpuLtVCBz2KvfgvnMtLfoEV,1712584338,ACTIVITY_SPL_TRANSFER,8mcyPtiM4vZ6H4qsxP6u8cMYEqbieGkHpXtdMHMKoLsA,8QAG8Zjv8xYdog8QRmiC3WcK9z3bC2fKREqVojuksvPT,EPjFWdd5AufqSSqeM2qN1xzybapC8G4wEGGkZwyTDt1v,6,1499000000,in,0
259020747,4E7jCGaotUTizdA27toEBeT9mKf7SUGydP7vFWnzbXyB864xn4PA3xt1na26dpg3B2pA2qEnRRnbFGHKBD27VPt8,1712583737,ACTIVITY_SPL_TRANSFER,8mcyPtiM4vZ6H4qsxP6u8cMYEqbieGkHpXtdMHMKoLsA,8QAG8Zjv8xYdog8QRmiC3WcK9z3bC2fKREqVojuksvPT,EPjFWdd5AufqSSqeM2qN1xzybapC8G4wEGGkZwyTDt1v,6,1499000000,in,0
258987805,4MMxfyqELv7TwLBvoouBYaXnjbyZ8k1EtGxk3SwAP1sS3cLaDMBtysApCqFnHirCpPwrAa1x2p8ajz6qFwpKv6qf,1712567284,ACTIVITY_SPL_TRANSFER,8QAG8Zjv8xYdog8QRmiC3WcK9z3bC2fKREqVojuksvPT,zcTEyCVwoiPR5pZHcuzR5nxaoYpscj66SkHJKAAub7J,EPjFWdd5AufqSSqeM2qN1xzybapC8G4wEGGkZwyTDt1v,6,2998000000,out,0
258986781,2HDbjTaE2V9jWQ91jQ2wFEabv2bLWWTENTgWiAiAocLSnPmcvw3BQe3Hi94M4b3ejfnt81jxnxk5cW1W2zpocjtK,1712566778,ACTIVITY_SPL_TRANSFER,8xk2g4YV2tgdoPNQgBXw2qmq7pTUojNhFDQ66zJD7DNy,8QAG8Zjv8xYdog8QRmiC3WcK9z3bC2fKREqVojuksvPT,EPjFWdd5AufqSSqeM2qN1xzybapC8G4wEGGkZwyTDt1v,6,1499000000,in,0
258984327,4ZHVrY67BKAdf4Rw51GELMU95zvExX7aRBw2C44VjTuNUo2ZmDKojDn5PN54qHNQipuqVARbpWbTkhZmVeywTuqk,1712565590,ACTIVITY_SPL_TRANSFER,8GCJjySwrz6mv7AEWmkc3gDyNxmokuA4sGPQMfEDk3UW,8QAG8Zjv8xYdog8QRmiC3WcK9z3bC2fKREqVojuksvPT,EPjFWdd5AufqSSqeM2qN1xzybapC8G4wEGGkZwyTDt1v,6,1499000000,in,0
258974340,sWC3Jd3efFVCzT5DKHtjSVTi16A74wso7Z26x19rbSdfiVby94e7SZUTJqrambayUpvfo9C6Cu94C5Ry4zjjgNz,1712560657,ACTIVITY_SPL_TRANSFER,8QAG8Zjv8xYdog8QRmiC3WcK9z3bC2fKREqVojuksvPT,zcTEyCVwoiPR5pZHcuzR5nxaoYpscj66SkHJKAAub7J,EPjFWdd5AufqSSqeM2qN1xzybapC8G4wEGGkZwyTDt1v,6,7495000000,out,0
258823278,3PGg1K2eNjdHvSjjEzVWJw4eByZcFxquGryjGSSK7iF582L5hQeoKCDsgWy4a7VBGy3f2mx4G3ft8P9T2vci7ZFw,1712484774,ACTIVITY_SPL_TRANSFER,HXZPnkVq5R3dYV9No6jTYHZeSggqCHt3ThhUM3CuHxRf,8QAG8Zjv8xYdog8QRmiC3WcK9z3bC2fKREqVojuksvPT,EPjFWdd5AufqSSqeM2qN1xzybapC8G4wEGGkZwyTDt1v,6,1499000000,in,0
258794591,5XwF8tDGADxcdNe63QYgXKHdGmGEL2dkpwvqTzsF5v7hCpDDHyxW5AcYZFdpZzMByLjMFQmpd9cE4AHib96TTT3V,1712470548,ACTIVITY_SPL_TRANSFER,6g2it22yFK3thZMyyYxAypJ1iNMEpcBhwNwNge2mjwMu,8QAG8Zjv8xYdog8QRmiC3WcK9z3bC2fKREqVojuksvPT,EPjFWdd5AufqSSqeM2qN1xzybapC8G4wEGGkZwyTDt1v,6,1499000000,in,0
258689682,5vUK4AEzYNMDDKgVvWZhVeCh8WN9cwLpsxdbTU58eNNxewEQ3WufiqCq1BQUak2WohHobgP6b416oLPnaYjfajYN,1712418401,ACTIVITY_SPL_TRANSFER,Ba2ubeksDrDSo5aTCfgAEc5Q72TBefhr6J3rsxb84h9t,8QAG8Zjv8xYdog8QRmiC3WcK9z3bC2fKREqVojuksvPT,EPjFWdd5AufqSSqeM2qN1xzybapC8G4wEGGkZwyTDt1v,6,1499000000,in,0
258676232,4cPBadguMKzMPGtL3gfSch1Rk62ecJXjRtz3oXbG2AtU39tq2oPCYnJAHLUaobXSERUUFSxz4V29j7wfLtVaoepj,1712411621,ACTIVITY_SPL_TRANSFER,Ba2ubeksDrDSo5aTCfgAEc5Q72TBefhr6J3rsxb84h9t,8QAG8Zjv8xYdog8QRmiC3WcK9z3bC2fKREqVojuksvPT,EPjFWdd5AufqSSqeM2qN1xzybapC8G4wEGGkZwyTDt1v,6,1499000000,in,0
258596978,4Z99KUkjUAiMwE9P4ppviSkgrP4phCemCuPTRPK3aqxeVoZGVy8DLAtaeDJfFy2utSgs5rYCtNGyWE9Tqvo98i46,1712372496,ACTIVITY_SPL_TRANSFER,CT5r39rNoPXiWAomR1SodsYqswCp424UYv6kK7wbk5ox,8QAG8Zjv8xYdog8QRmiC3WcK9z3bC2fKREqVojuksvPT,EPjFWdd5AufqSSqeM2qN1xzybapC8G4wEGGkZwyTDt1v,6,1499000000,in,0
258526981,5pUqvKHG62hb2d2nYx8ASXUzpgAsmoLryxiHx6ttuSdokBdsNJYFNVcVCXcBa9DLZZZPERBDnHr33RXuu6UUCUSJ,1712338189,ACTIVITY_SPL_TRANSFER,8QAG8Zjv8xYdog8QRmiC3WcK9z3bC2fKREqVojuksvPT,zcTEyCVwoiPR5pZHcuzR5nxaoYpscj66SkHJKAAub7J,EPjFWdd5AufqSSqeM2qN1xzybapC8G4wEGGkZwyTDt1v,6,8994000000,out,0
258503553,5KJwQcGbQxsS2tb57QdsDY1bexw37jwsv8WFojbhfRnmP1zAxq5J6btcknZo8SuabRSzt6sDRsDxUPKFnsCLTNJW,1712326947,ACTIVITY_SPL_TRANSFER,6g2it22yFK3thZMyyYxAypJ1iNMEpcBhwNwNge2mjwMu,8QAG8Zjv8xYdog8QRmiC3WcK9z3bC2fKREqVojuksvPT,EPjFWdd5AufqSSqeM2qN1xzybapC8G4wEGGkZwyTDt1v,6,1499000000,in,0
258492313,8y8rDLBsidPT2baRmbdvD6zY7D5TEjeCqMkmV4KHvoRqrKhaNKbcfpCvBXgCvqzW4FyKW1wKn17v6oBJV8T76XL,1712321638,ACTIVITY_SPL_TRANSFER,HXZPnkVq5R3dYV9No6jTYHZeSggqCHt3ThhUM3CuHxRf,8QAG8Zjv8xYdog8QRmiC3WcK9z3bC2fKREqVojuksvPT,EPjFWdd5AufqSSqeM2qN1xzybapC8G4wEGGkZwyTDt1v,6,1499000000,in,0
258486666,3xawNE3op84xiJ3rCVSNAzLP1xjt8VfvDue4nXp4xft3Qqk6q8BJPtmHSzGzjbLDQjuUwKhcyDECEfTR2cA6oea2,1712318965,ACTIVITY_SPL_TRANSFER,GpmwFF54frWJzuuBCjHen22wDTeGEpfV11MtwKSyy84g,8QAG8Zjv8xYdog8QRmiC3WcK9z3bC2fKREqVojuksvPT,EPjFWdd5AufqSSqeM2qN1xzybapC8G4wEGGkZwyTDt1v,6,1499000000,in,0
258470298,24nwUqXGUb7WRgcUL765UEjkRyyaWqvu9ZJA2EZ7QwYNfSz2NzCsh5T9pRqX7XubNUAinzFa5FUt7kGmRX3K5oK1,1712311231,ACTIVITY_SPL_TRANSFER,8GCJjySwrz6mv7AEWmkc3gDyNxmokuA4sGPQMfEDk3UW,8QAG8Zjv8xYdog8QRmiC3WcK9z3bC2fKREqVojuksvPT,EPjFWdd5AufqSSqeM2qN1xzybapC8G4wEGGkZwyTDt1v,6,1499000000,in,0
258466013,5fKnQm4PrKu824wNATtR7nzzrbFtoJWbpHiN9LbEcwnEZRuSfK2JpjgZLTy3CUKchXancPTqEDbNVJmBmT2WaTUc,1712309198,ACTIVITY_SPL_TRANSFER,tSh4tQrF38beUzrBAL8ijg48gxzpJTCb9fKjvbA8XEz,8QAG8Zjv8xYdog8QRmiC3WcK9z3bC2fKREqVojuksvPT,EPjFWdd5AufqSSqeM2qN1xzybapC8G4wEGGkZwyTDt1v,6,1499000000,in,0
258343639,2yLBxkSMPfAPLSPQ4SXQmTEA7AhLxsD9ddS7SgZhrQWmGjRcmGTUqup6arbKLaS9fcsBSQBU1PW9WLafGzALVJy4,1712250920,ACTIVITY_SPL_TRANSFER,CyoQp2KbiDvkUcHa2zee85JbYrX6jjFCx75bXrrCv81g,8QAG8Zjv8xYdog8QRmiC3WcK9z3bC2fKREqVojuksvPT,EPjFWdd5AufqSSqeM2qN1xzybapC8G4wEGGkZwyTDt1v,6,1499000000,in,0
258337555,2uuehN1LxGDs46KJWuM44MTZtEa6azWk9PAY9hYTLrfc2fStsNPkrc7tdM6iheKVabJDbQC9J2jkRSPrMq33pDH7,1712248001,ACTIVITY_SPL_TRANSFER,8QAG8Zjv8xYdog8QRmiC3WcK9z3bC2fKREqVojuksvPT,zcTEyCVwoiPR5pZHcuzR5nxaoYpscj66SkHJKAAub7J,EPjFWdd5AufqSSqeM2qN1xzybapC8G4wEGGkZwyTDt1v,6,7495000000,out,0
258276676,4bVRBH82GrPJYxkhQYm2DHyD7rrByLoYQWBhQeWizCePE8Yv952cVe5XTdNy7mmMheMLtZSi4vu2gvZBho7n9Awx,1712218952,ACTIVITY_SPL_TRANSFER,HX4JyULzKPqTUttrFApz6TgP2RHZcYZwKJEjsnQdBrLJ,8QAG8Zjv8xYdog8QRmiC3WcK9z3bC2fKREqVojuksvPT,EPjFWdd5AufqSSqeM2qN1xzybapC8G4wEGGkZwyTDt1v,6,1499000000,in,0
258255665,4RrsYWBTeTZWQDAeX7SMtgqg759a5YGKPVzdEuBX5uSBY9oGSQUw49886uvcrpVK9pxhmT7R64pSVvQkgZ9fDJkm,1712208822,ACTIVITY_SPL_TRANSFER,EpNNhM4WV8cc1ULqoDLPNAY9DdFvGQZMQsuKjX4iTFDA,8QAG8Zjv8xYdog8QRmiC3WcK9z3bC2fKREqVojuksvPT,EPjFWdd5AufqSSqeM2qN1xzybapC8G4wEGGkZwyTDt1v,6,1499000000,in,0
258248876,ahrL8P3XvxLFpwFdUmxbSzwMqy9B6ExqCsc6ZzMRTyjnQKYL2VUCjkURi6eiNXnE3effxsi6LFUmwAKPLrBD3NQ,1712205688,ACTIVITY_SPL_TRANSFER,DBVQxxsi8m4zfvmRgSeqVaX2GaKp9SpAkGHuFuwxtNyn,8QAG8Zjv8xYdog8QRmiC3WcK9z3bC2fKREqVojuksvPT,EPjFWdd5AufqSSqeM2qN1xzybapC8G4wEGGkZwyTDt1v,6,1499000000,in,0
258221021,3ifpwDn6gT3NjWzE1HzLigAn5kivf8VtdtYYTEDaaFPK1Qk58NSoNtK1F1pv14f4jvdiHFvpRsfLmrmA4wfT85gk,1712192755,ACTIVITY_SPL_TRANSFER,AzpzU8ciubgp33EeGCS8zPo3voCF2eL6zhDCZQRNxty7,8QAG8Zjv8xYdog8QRmiC3WcK9z3bC2fKREqVojuksvPT,EPjFWdd5AufqSSqeM2qN1xzybapC8G4wEGGkZwyTDt1v,6,1499000000,in,0
258220327,vRobzGg8M7GFSovPr2MstQ17gX8RfxqgXBVCcbYPU5f9VbH8JtXGHjdtCYZk8VEDA7tW83PabnqQyZx21ZbU3q3,1712192438,ACTIVITY_SPL_TRANSFER,AzpzU8ciubgp33EeGCS8zPo3voCF2eL6zhDCZQRNxty7,8QAG8Zjv8xYdog8QRmiC3WcK9z3bC2fKREqVojuksvPT,EPjFWdd5AufqSSqeM2qN1xzybapC8G4wEGGkZwyTDt1v,6,1499000000,in,0
258148083,TQuzUGrdodspkHMe5pB4jfzc4dWrkeXNcr1Z3y1cYtCzF9qMKKcW4e2xxwDqrXKzhvdCKBuQzdkkGnt8zFjkaj3,1712158724,ACTIVITY_SPL_TRANSFER,8QAG8Zjv8xYdog8QRmiC3WcK9z3bC2fKREqVojuksvPT,zcTEyCVwoiPR5pZHcuzR5nxaoYpscj66SkHJKAAub7J,EPjFWdd5AufqSSqeM2qN1xzybapC8G4wEGGkZwyTDt1v,6,10493000000,out,0
258125826,4zZAQookBmY2t7Voh8iW9CBGVpPJ9uv3wB9QWT75K3Cnmbdwnj7KWAdAHu4EUSmrJTCAN4Voy5LD9qEQihJee28F,1712148707,ACTIVITY_SPL_TRANSFER,BfzChwbzV63ZpeRKbgUH1ztfXUYz5SosMXXGsgdjv76z,8QAG8Zjv8xYdog8QRmiC3WcK9z3bC2fKREqVojuksvPT,EPjFWdd5AufqSSqeM2qN1xzybapC8G4wEGGkZwyTDt1v,6,1499000000,in,0
258096267,pUmGbV9JZhHDRbYGxG1AY58rMgbMtsdkjgNQonxW2dzyeKujv8ma3zE5LMsrodWJzijUvUbB8yzLgrjGTL4AzaG,1712135177,ACTIVITY_SPL_TRANSFER,EcnQfPAevXswJQaSH8QqAf6jtCZN2SoJxC31jkoSnenA,8QAG8Zjv8xYdog8QRmiC3WcK9z3bC2fKREqVojuksvPT,EPjFWdd5AufqSSqeM2qN1xzybapC8G4wEGGkZwyTDt1v,6,1499000000,in,0
258096061,39V2qGyhLQGFR1d5dhC5AfQXm4qCN8Z4Qg8Bq7DNceqtrsr2zVvDwna3LH9u7HZPzUTQagpMNDSEoL7AkWTXkfh6,1712135085,ACTIVITY_SPL_TRANSFER,6eKB3893DdCLS96cUcC9SL6Z3bDgwTRE1b3yfLaCRsTE,8QAG8Zjv8xYdog8QRmiC3WcK9z3bC2fKREqVojuksvPT,EPjFWdd5AufqSSqeM2qN1xzybapC8G4wEGGkZwyTDt1v,6,1499000000,in,0
258073935,4KeLsgL4jq9WaiNh4oGcn4AyVF98Z5T4ysdJ1vok2SPSWGXGBoPA6GmXrpuKF8F2oW8VK1RUrk41vgCpD27yKPjR,1712125006,ACTIVITY_SPL_TRANSFER,A689yQ3YMSwSmH3km3Cz61NpeSaAT3WKQa5KQcrftsM2,8QAG8Zjv8xYdog8QRmiC3WcK9z3bC2fKREqVojuksvPT,EPjFWdd5AufqSSqeM2qN1xzybapC8G4wEGGkZwyTDt1v,6,1499000000,in,0
258033818,3qj4MVaryomc73aCeVWDZWwtoNfG1qn85LC92v2bLz8Ugp61RkkUM51jwSgPDgKNXj31NxL63ztcM45qcGHcAZ8X,1712106836,ACTIVITY_SPL_TRANSFER,B7o6nmSuEJo9D8bQ2gETmbZSid19pi5A9k99fnbSntAR,8QAG8Zjv8xYdog8QRmiC3WcK9z3bC2fKREqVojuksvPT,EPjFWdd5AufqSSqeM2qN1xzybapC8G4wEGGkZwyTDt1v,6,1499000000,in,0
257991018,47bsTXe7ckcBnXZBWxh852ji8VGQYXrM7PBKFo5VnQgLYTH44Mdoj8fMriBZeFi89yk3ckPUSbKkN3vjNUcZKxnm,1712087581,ACTIVITY_SPL_TRANSFER,5rhmpRKFBBDotAQW5Ze41DufuwS5TFctKT2mJPotoxUG,8QAG8Zjv8xYdog8QRmiC3WcK9z3bC2fKREqVojuksvPT,EPjFWdd5AufqSSqeM2qN1xzybapC8G4wEGGkZwyTDt1v,6,1499000000,in,0
257991018,47bsTXe7ckcBnXZBWxh852ji8VGQYXrM7PBKFo5VnQgLYTH44Mdoj8fMriBZeFi89yk3ckPUSbKkN3vjNUcZKxnm,1712087581,ACTIVITY_SPL_TRANSFER,5rhmpRKFBBDotAQW5Ze41DufuwS5TFctKT2mJPotoxUG,8QAG8Zjv8xYdog8QRmiC3WcK9z3bC2fKREqVojuksvPT,EPjFWdd5AufqSSqeM2qN1xzybapC8G4wEGGkZwyTDt1v,6,1499000000,in,0
257944332,2KpMGCwC2zCy2CPqECkxTGmM2rVJ93QMvozrXCzvRS1TVjxKjNBzA7ZNSWvtUkPvAX7fNfsFbu5UbQtgt2uCnhny,1712066965,ACTIVITY_SPL_TRANSFER,B4YTh8xZKtq6UNRJPfCYmsVjHgqkrdkpywa4ubufDr2d,8QAG8Zjv8xYdog8QRmiC3WcK9z3bC2fKREqVojuksvPT,EPjFWdd5AufqSSqeM2qN1xzybapC8G4wEGGkZwyTDt1v,6,1499000000,in,0
257944332,2KpMGCwC2zCy2CPqECkxTGmM2rVJ93QMvozrXCzvRS1TVjxKjNBzA7ZNSWvtUkPvAX7fNfsFbu5UbQtgt2uCnhny,1712066965,ACTIVITY_SPL_TRANSFER,B4YTh8xZKtq6UNRJPfCYmsVjHgqkrdkpywa4ubufDr2d,8QAG8Zjv8xYdog8QRmiC3WcK9z3bC2fKREqVojuksvPT,EPjFWdd5AufqSSqeM2qN1xzybapC8G4wEGGkZwyTDt1v,6,1499000000,in,0
257876739,2MUse728A4SgQtzLWy8xDmjCtHDokxdHWD89cedt6TnPi6SYXkk6GMhDEUvQYv5V8USt1cv1xCLSWQVE2mjHMW1U,1712037304,ACTIVITY_SPL_TRANSFER,8QAG8Zjv8xYdog8QRmiC3WcK9z3bC2fKREqVojuksvPT,zcTEyCVwoiPR5pZHcuzR5nxaoYpscj66SkHJKAAub7J,EPjFWdd5AufqSSqeM2qN1xzybapC8G4wEGGkZwyTDt1v,6,11992000000,out,0
257876739,2MUse728A4SgQtzLWy8xDmjCtHDokxdHWD89cedt6TnPi6SYXkk6GMhDEUvQYv5V8USt1cv1xCLSWQVE2mjHMW1U,1712037304,ACTIVITY_SPL_TRANSFER,8QAG8Zjv8xYdog8QRmiC3WcK9z3bC2fKREqVojuksvPT,zcTEyCVwoiPR5pZHcuzR5nxaoYpscj66SkHJKAAub7J,EPjFWdd5AufqSSqeM2qN1xzybapC8G4wEGGkZwyTDt1v,6,11992000000,out,0
257873682,58XUZnNjCXTJ1EKsqJm5ArLk7phx7y5nH1Y1Nitu4P9fxZqgzysYarLzL4e7kEjccwHigWvq7CaoJvp2CFyZKGmZ,1712035967,ACTIVITY_SPL_TRANSFER,7HKzD3fKe9YZqi6btneaNX4ZDeiGcevrJubrL3dpSnfB,8QAG8Zjv8xYdog8QRmiC3WcK9z3bC2fKREqVojuksvPT,EPjFWdd5AufqSSqeM2qN1xzybapC8G4wEGGkZwyTDt1v,6,1499000000,in,0
257873682,58XUZnNjCXTJ1EKsqJm5ArLk7phx7y5nH1Y1Nitu4P9fxZqgzysYarLzL4e7kEjccwHigWvq7CaoJvp2CFyZKGmZ,1712035967,ACTIVITY_SPL_TRANSFER,7HKzD3fKe9YZqi6btneaNX4ZDeiGcevrJubrL3dpSnfB,8QAG8Zjv8xYdog8QRmiC3WcK9z3bC2fKREqVojuksvPT,EPjFWdd5AufqSSqeM2qN1xzybapC8G4wEGGkZwyTDt1v,6,1499000000,in,0
257818974,5gcjx3tdaWRnoim6DA8S1mQGY7wQ4xv61jMpcy2JmnyYoWXLJPUKe4wAL5Ey3sKuSeDthnpyREgghQC4Ri8ofjax,1712011454,ACTIVITY_SPL_TRANSFER,141kZhq827p6whQdy2K7J5xSY6UaczUimFGkq1NA8gKo,8QAG8Zjv8xYdog8QRmiC3WcK9z3bC2fKREqVojuksvPT,EPjFWdd5AufqSSqeM2qN1xzybapC8G4wEGGkZwyTDt1v,6,1499000000,in,0
257735277,468RHuTszLPVr4FY3Z15f81dfGWhD963XtTBHf91qfxnEt7xjbWQFaJ34bVKzPjEXHY4kPfnkMbrbHiGzN2ULn8Q,1711974286,ACTIVITY_SPL_TRANSFER,2UZ7s4H5UqjwXCEYEcru6ZtW7cjCVnfLtEQxxaixRGEk,8QAG8Zjv8xYdog8QRmiC3WcK9z3bC2fKREqVojuksvPT,EPjFWdd5AufqSSqeM2qN1xzybapC8G4wEGGkZwyTDt1v,6,1499000000,in,0
257681100,2N1R5TNVNns1ZWLWQQJxZLSAdxdko4Bxy4frFe3BsD3SUyybdRvfZDRv6zxfaedDKHXXb8KmWaKFBgw5HrWQ5mwt,1711950587,ACTIVITY_SPL_TRANSFER,EMcvuHNCZRBTf3bxENAnaprzb8cQQHmbXrxGfB7cGLmm,8QAG8Zjv8xYdog8QRmiC3WcK9z3bC2fKREqVojuksvPT,EPjFWdd5AufqSSqeM2qN1xzybapC8G4wEGGkZwyTDt1v,6,1499000000,in,0
257681100,2N1R5TNVNns1ZWLWQQJxZLSAdxdko4Bxy4frFe3BsD3SUyybdRvfZDRv6zxfaedDKHXXb8KmWaKFBgw5HrWQ5mwt,1711950587,ACTIVITY_SPL_TRANSFER,EMcvuHNCZRBTf3bxENAnaprzb8cQQHmbXrxGfB7cGLmm,8QAG8Zjv8xYdog8QRmiC3WcK9z3bC2fKREqVojuksvPT,EPjFWdd5AufqSSqeM2qN1xzybapC8G4wEGGkZwyTDt1v,6,1499000000,in,0
257680331,RKajmKrVWYRzK9pQQqMmKur6C7w5ynTJjoXsHqnD5ZHoNwuSjYqMKKWTMdxZGX7C1NZMrm7gSAAQzg73fc3VBju,1711950258,ACTIVITY_SPL_TRANSFER,AzgSZx8j4rgEpexPLsdFNDkiCvPip7vVHYNvgaYw5Wjd,8QAG8Zjv8xYdog8QRmiC3WcK9z3bC2fKREqVojuksvPT,EPjFWdd5AufqSSqeM2qN1xzybapC8G4wEGGkZwyTDt1v,6,1499000000,in,0
257680331,RKajmKrVWYRzK9pQQqMmKur6C7w5ynTJjoXsHqnD5ZHoNwuSjYqMKKWTMdxZGX7C1NZMrm7gSAAQzg73fc3VBju,1711950258,ACTIVITY_SPL_TRANSFER,AzgSZx8j4rgEpexPLsdFNDkiCvPip7vVHYNvgaYw5Wjd,8QAG8Zjv8xYdog8QRmiC3WcK9z3bC2fKREqVojuksvPT,EPjFWdd5AufqSSqeM2qN1xzybapC8G4wEGGkZwyTDt1v,6,1499000000,in,0
257679391,3Jy9kjsSXEoL1FLoNehYBjTGjG9BME9QJ7ibZNJwizSqkuLi7duabgH1FnDdS82XLcVueQyp1xcPbvLujYq1PsbU,1711949852,ACTIVITY_SPL_TRANSFER,AzgSZx8j4rgEpexPLsdFNDkiCvPip7vVHYNvgaYw5Wjd,8QAG8Zjv8xYdog8QRmiC3WcK9z3bC2fKREqVojuksvPT,EPjFWdd5AufqSSqeM2qN1xzybapC8G4wEGGkZwyTDt1v,6,1499000000,in,0
257679391,3Jy9kjsSXEoL1FLoNehYBjTGjG9BME9QJ7ibZNJwizSqkuLi7duabgH1FnDdS82XLcVueQyp1xcPbvLujYq1PsbU,1711949852,ACTIVITY_SPL_TRANSFER,AzgSZx8j4rgEpexPLsdFNDkiCvPip7vVHYNvgaYw5Wjd,8QAG8Zjv8xYdog8QRmiC3WcK9z3bC2fKREqVojuksvPT,EPjFWdd5AufqSSqeM2qN1xzybapC8G4wEGGkZwyTDt1v,6,1499000000,in,0
257677123,mBz95ExipJUtYHDRw2wSpQserWvUyuxGHWHN7DfeMiPsryucbYQTAEMtLYFu3HreLYbUT7rD6NAXR2G8qoEAfAu,1711948876,ACTIVITY_SPL_TRANSFER,AgMxGLM4jeMzajnqrDdQJPjfY5Gz6y9YqtXKwEk56Bs6,8QAG8Zjv8xYdog8QRmiC3WcK9z3bC2fKREqVojuksvPT,EPjFWdd5AufqSSqeM2qN1xzybapC8G4wEGGkZwyTDt1v,6,1499000000,in,0
257677123,mBz95ExipJUtYHDRw2wSpQserWvUyuxGHWHN7DfeMiPsryucbYQTAEMtLYFu3HreLYbUT7rD6NAXR2G8qoEAfAu,1711948876,ACTIVITY_SPL_TRANSFER,AgMxGLM4jeMzajnqrDdQJPjfY5Gz6y9YqtXKwEk56Bs6,8QAG8Zjv8xYdog8QRmiC3WcK9z3bC2fKREqVojuksvPT,EPjFWdd5AufqSSqeM2qN1xzybapC8G4wEGGkZwyTDt1v,6,1499000000,in,0
257669419,5nzNWz8gcNsrvsQLmoPutDNZfNPejVVLSWit99CjeTHXQDF5CzjsF2ZuSffdGAk7EC1PYc3jjeUS95iYThFGNvCb,1711945424,ACTIVITY_SPL_TRANSFER,AgMxGLM4jeMzajnqrDdQJPjfY5Gz6y9YqtXKwEk56Bs6,8QAG8Zjv8xYdog8QRmiC3WcK9z3bC2fKREqVojuksvPT,EPjFWdd5AufqSSqeM2qN1xzybapC8G4wEGGkZwyTDt1v,6,1499000000,in,0
257669419,5nzNWz8gcNsrvsQLmoPutDNZfNPejVVLSWit99CjeTHXQDF5CzjsF2ZuSffdGAk7EC1PYc3jjeUS95iYThFGNvCb,1711945424,ACTIVITY_SPL_TRANSFER,AgMxGLM4jeMzajnqrDdQJPjfY5Gz6y9YqtXKwEk56Bs6,8QAG8Zjv8xYdog8QRmiC3WcK9z3bC2fKREqVojuksvPT,EPjFWdd5AufqSSqeM2qN1xzybapC8G4wEGGkZwyTDt1v,6,1499000000,in,0
257540427,59A2jpBbSwFqzbQUaSK7kHugRbgWfwLqxVfF32CLoAhn9sAnp5JASFWUpeohL9t8EnFhZBHTfPxe3kNDNsPhsiPy,1711888012,ACTIVITY_SPL_TRANSFER,8QAG8Zjv8xYdog8QRmiC3WcK9z3bC2fKREqVojuksvPT,zcTEyCVwoiPR5pZHcuzR5nxaoYpscj66SkHJKAAub7J,EPjFWdd5AufqSSqeM2qN1xzybapC8G4wEGGkZwyTDt1v,6,14990000000,out,0
257527099,3axe5DgMcGy8KC354JtZVAVwXr7SGppkPUWrRaBr3ag3uBdPdoSdVNnYc9nqZ5B9UgQE756T3aSJeb2i3NoFQDbd,1711882046,ACTIVITY_SPL_TRANSFER,73hMPRQamUGvZVSn52f5GxixoSw1goJdCHCj1yer5pYc,8QAG8Zjv8xYdog8QRmiC3WcK9z3bC2fKREqVojuksvPT,EPjFWdd5AufqSSqeM2qN1xzybapC8G4wEGGkZwyTDt1v,6,1499000000,in,0
257518436,4rHceWBcMLCaSFw672KyPDcnkp2BEo4YxAXHFU7AmoEWTMjWvesFAz3Lm7iQr1BbMkfzjDQKEUQ8iH5m7185GmDp,1711878237,ACTIVITY_SPL_TRANSFER,7n2yRHwhKZook83xs1oDFBcNRngXSHckrMSN3esiVZth,8QAG8Zjv8xYdog8QRmiC3WcK9z3bC2fKREqVojuksvPT,EPjFWdd5AufqSSqeM2qN1xzybapC8G4wEGGkZwyTDt1v,6,1499000000,in,0
257518402,5je6LQiqE9m8Copa9Lx22dcb57BRhhLLH9srE9CSjQdDgQB2kxMK7QSK26JQR5mu6Xxr9zFRMfeCcx6xb5Kgdg6L,1711878222,ACTIVITY_SPL_TRANSFER,7n2yRHwhKZook83xs1oDFBcNRngXSHckrMSN3esiVZth,8QAG8Zjv8xYdog8QRmiC3WcK9z3bC2fKREqVojuksvPT,EPjFWdd5AufqSSqeM2qN1xzybapC8G4wEGGkZwyTDt1v,6,1499000000,in,0
257509221,2k8FeKszHJhnXPviRxReeDcpEd649hPVvtLFg24p2FX9hJGXL7rSAR4NwUzspmB6b6xd8eLeJ6fwbCzkD1DTYRCs,1711874204,ACTIVITY_SPL_TRANSFER,3ZfSUiexTfViNAt6m8vbXXfydQhnN5Lqpg45rZ3g58qt,8QAG8Zjv8xYdog8QRmiC3WcK9z3bC2fKREqVojuksvPT,EPjFWdd5AufqSSqeM2qN1xzybapC8G4wEGGkZwyTDt1v,6,1499000000,in,0
257507418,GxdkcPEaC8B1VrEoXcgyCqiFhSphhhe9ENA1Tw4UZdmHUijQciTq7sGujzHRPrRWZY2Y18bZiDE713pZinQwSnL,1711873432,ACTIVITY_SPL_TRANSFER,3ZfSUiexTfViNAt6m8vbXXfydQhnN5Lqpg45rZ3g58qt,8QAG8Zjv8xYdog8QRmiC3WcK9z3bC2fKREqVojuksvPT,EPjFWdd5AufqSSqeM2qN1xzybapC8G4wEGGkZwyTDt1v,6,1499000000,in,0
257500831,rrteW7XYARJZJJAhTSBygL6rkmhvWnVPYejVmwuSUsFhdXgbU2M7ZoNRC5s8LdMfUdUgx8RUHxTFPCVjh1Fqi9N,1711870503,ACTIVITY_SPL_TRANSFER,4kTFF9gWBnzgcEw3FDN2Cfw1hZi49nKf7FTt2eMEVMjW,8QAG8Zjv8xYdog8QRmiC3WcK9z3bC2fKREqVojuksvPT,EPjFWdd5AufqSSqeM2qN1xzybapC8G4wEGGkZwyTDt1v,6,1499000000,in,0
257500308,5NJoGbAoFwhN7CDv2quD7yD8b9frinszoijdqGgTRF6SUGCQDsELS2Z7Q3Bh29UteXtoPZw54dCYxmgqkwF89Q6t,1711870267,ACTIVITY_SPL_TRANSFER,4kTFF9gWBnzgcEw3FDN2Cfw1hZi49nKf7FTt2eMEVMjW,8QAG8Zjv8xYdog8QRmiC3WcK9z3bC2fKREqVojuksvPT,EPjFWdd5AufqSSqeM2qN1xzybapC8G4wEGGkZwyTDt1v,6,1499000000,in,0
257499920,3KxQ4GkSftU14KaHCWyi9SWvbjn6UbwyoJD5VUv18roiKW3qjpNPaU44SjXSxoKkrcEnGtHmS9hLYnhZDhMNpnCE,1711870088,ACTIVITY_SPL_TRANSFER,4kTFF9gWBnzgcEw3FDN2Cfw1hZi49nKf7FTt2eMEVMjW,8QAG8Zjv8xYdog8QRmiC3WcK9z3bC2fKREqVojuksvPT,EPjFWdd5AufqSSqeM2qN1xzybapC8G4wEGGkZwyTDt1v,6,1499000000,in,0
257499842,5JFYY84X73po6Mho9KtkJep8T6dL8532rhnSGitu4XpoeHSKYT9dWnb6Fn2TA9Nx8SJnrRHYpvN7uvu6e6S4M9nA,1711870052,ACTIVITY_SPL_TRANSFER,4kTFF9gWBnzgcEw3FDN2Cfw1hZi49nKf7FTt2eMEVMjW,8QAG8Zjv8xYdog8QRmiC3WcK9z3bC2fKREqVojuksvPT,EPjFWdd5AufqSSqeM2qN1xzybapC8G4wEGGkZwyTDt1v,6,1499000000,in,0
257493345,4UBGPworiRzUKYFRsuRqUzuVUac1ogN2MXbuGs2bS4sY5AuQv8Pu4nB3wxtxswSphoVF1BGb4k5NLWAxy8NRsVJB,1711867092,ACTIVITY_SPL_TRANSFER,4kTFF9gWBnzgcEw3FDN2Cfw1hZi49nKf7FTt2eMEVMjW,8QAG8Zjv8xYdog8QRmiC3WcK9z3bC2fKREqVojuksvPT,EPjFWdd5AufqSSqeM2qN1xzybapC8G4wEGGkZwyTDt1v,6,1499000000,in,0
257355591,C7rQ1rDygv45r3XsuYCm24EzznTDvnh47DnicasmLriBjovbcsF6a81BXUBGXeFq4ngfaKXRwmZYvHBJthkSDoN,1711805029,ACTIVITY_SPL_TRANSFER,8QAG8Zjv8xYdog8QRmiC3WcK9z3bC2fKREqVojuksvPT,zcTEyCVwoiPR5pZHcuzR5nxaoYpscj66SkHJKAAub7J,EPjFWdd5AufqSSqeM2qN1xzybapC8G4wEGGkZwyTDt1v,6,0,out,0
257355555,4LkPYUj5ynv9upsnZFQf1QZLcsz4rSqLnFG62GV9zrpp2Nc9R2rpeAqT5bnRzv3y9J3CEx1UeqVpQrPuGLaDHARs,1711805014,ACTIVITY_SPL_TRANSFER,8QAG8Zjv8xYdog8QRmiC3WcK9z3bC2fKREqVojuksvPT,zcTEyCVwoiPR5pZHcuzR5nxaoYpscj66SkHJKAAub7J,EPjFWdd5AufqSSqeM2qN1xzybapC8G4wEGGkZwyTDt1v,6,22485000000,out,0
257350342,63xjE2KKJpkBf5CNKVPqc24Y6Mc3XpA9u5JNW9SKjNKaJ5Z78UaMTpG4qehHYBbqStwwrseiqBnYSbMvPAAytVfc,1711802713,ACTIVITY_SPL_TRANSFER,3ZfSUiexTfViNAt6m8vbXXfydQhnN5Lqpg45rZ3g58qt,8QAG8Zjv8xYdog8QRmiC3WcK9z3bC2fKREqVojuksvPT,EPjFWdd5AufqSSqeM2qN1xzybapC8G4wEGGkZwyTDt1v,6,1499000000,in,0
257336805,3KacEiQAYWbPjZYdode9mw7qEwEPfNWfZnGy4U3mBtXHApwGJ45Gq9V4pYXHNsfxkPUcoLuRmA2o6tkaJhCdPkXb,1711796763,ACTIVITY_SPL_TRANSFER,46TFxgrKcUcxXRun8tAEWfe6kr2khztgforjtjYjHuR3,8QAG8Zjv8xYdog8QRmiC3WcK9z3bC2fKREqVojuksvPT,EPjFWdd5AufqSSqeM2qN1xzybapC8G4wEGGkZwyTDt1v,6,1499000000,in,0
257332262,3ZzB9E3apf8kFA3ecFxuZLbjwVAiRy4VXZj3fM1CZxGMjDiRcK6EFWxAYZsHkcWPdKyQ3CxGEhxWEWf9iguYb4ex,1711794745,ACTIVITY_SPL_TRANSFER,3ZfSUiexTfViNAt6m8vbXXfydQhnN5Lqpg45rZ3g58qt,8QAG8Zjv8xYdog8QRmiC3WcK9z3bC2fKREqVojuksvPT,EPjFWdd5AufqSSqeM2qN1xzybapC8G4wEGGkZwyTDt1v,6,1499000000,in,0
257316695,5zeRVBXx7PQBMtAWYCASN24rKeJ73i3GyrzvwTPpYZwKzXNcUZG2hCNwbkWYVS51qC8YAwt1pTzpxYDVaPpiteTB,1711787950,ACTIVITY_SPL_TRANSFER,GLP8MFB88KCFXtaBcQLrtvkfXEGDZaJRSrXpJstXH581,8QAG8Zjv8xYdog8QRmiC3WcK9z3bC2fKREqVojuksvPT,EPjFWdd5AufqSSqeM2qN1xzybapC8G4wEGGkZwyTDt1v,6,1499000000,in,0
257307373,5Kt6PbsatcuSWWCrbKCmsK1tr78TiuT8Y9iKuMEQ8XwswSqKrqpoUJwrpUWQjgBioUCWQHEF1NYBVusr3YcrbBGx,1711783853,ACTIVITY_SPL_TRANSFER,5fNATau8GJ5iPPLuK2QgVLqhaYAmoRuhR5wQZUL6CoWX,8QAG8Zjv8xYdog8QRmiC3WcK9z3bC2fKREqVojuksvPT,EPjFWdd5AufqSSqeM2qN1xzybapC8G4wEGGkZwyTDt1v,6,1499000000,in,0
257306462,4gxYsPCf4u6VSkRXMRVjkz1NA3sZmmJ62mUn86tfJ3ykpeoN8A8wncPi8rpBn5W8Vy64SzGE6y7QknHTPb8bNoe,1711783449,ACTIVITY_SPL_TRANSFER,3we7j8MX8wAG3HeRFL4pVg9PgPmozd5i5vLzk3WnhH5n,8QAG8Zjv8xYdog8QRmiC3WcK9z3bC2fKREqVojuksvPT,EPjFWdd5AufqSSqeM2qN1xzybapC8G4wEGGkZwyTDt1v,6,1499000000,in,0
257300522,4tRMMvp65QzJeFrtJfx4UEytEaMyWMBmWwfQNdZ5msKZTqeVrQ3XorpJhGwtqDpegodnBeVJubmaDs7ZaWc3icJM,1711780877,ACTIVITY_SPL_TRANSFER,3we7j8MX8wAG3HeRFL4pVg9PgPmozd5i5vLzk3WnhH5n,8QAG8Zjv8xYdog8QRmiC3WcK9z3bC2fKREqVojuksvPT,EPjFWdd5AufqSSqeM2qN1xzybapC8G4wEGGkZwyTDt1v,6,1499000000,in,0
257282947,AybSebfJ9kHDrN2BvdK8cQuozYQ3ZEa9uRp7TXaay2BdbH8iq9SfMiHVnyaVfRFP67YP7gtWPiukvQKSXKdLLXN,1711773128,ACTIVITY_SPL_TRANSFER,FgvmuFpwagLXBdTT4BVY9H85J29TosHJwKzZzbzwoxRH,8QAG8Zjv8xYdog8QRmiC3WcK9z3bC2fKREqVojuksvPT,EPjFWdd5AufqSSqeM2qN1xzybapC8G4wEGGkZwyTDt1v,6,1499000000,in,0
257282686,4xixQmLkKRPdh5hUpKFPR5KEp4wL7QmaVFMSmQXB9n6zv4oz9y5a9eEBEnDFLyJfL1ehfwrHz1cfCifgYVMjn7sz,1711773008,ACTIVITY_SPL_TRANSFER,FgvmuFpwagLXBdTT4BVY9H85J29TosHJwKzZzbzwoxRH,8QAG8Zjv8xYdog8QRmiC3WcK9z3bC2fKREqVojuksvPT,EPjFWdd5AufqSSqeM2qN1xzybapC8G4wEGGkZwyTDt1v,6,1499000000,in,0
257273185,3m6JCAnN28RTxjfbjyFZ18N8etckb9GviBnXuwczCpNhfN9Mq3P1gex8pG3J3rgygPb22tG9QXLYN57qS1omCuzV,1711768729,ACTIVITY_SPL_TRANSFER,3ZfSUiexTfViNAt6m8vbXXfydQhnN5Lqpg45rZ3g58qt,8QAG8Zjv8xYdog8QRmiC3WcK9z3bC2fKREqVojuksvPT,EPjFWdd5AufqSSqeM2qN1xzybapC8G4wEGGkZwyTDt1v,6,1499000000,in,0
257260495,3w32jtfRNjuQaJKaY5ZBGFdJgEzVLR1nHqjfJHnRefRE8L5EjJPbMYFkEUArc85S8DDMcrc5X3LwWcUAXBppuLsJ,1711763114,ACTIVITY_SPL_TRANSFER,AaBa7ibJXQEH74vKfzSe5oCitNc4df31NHFCkdUn5kcL,8QAG8Zjv8xYdog8QRmiC3WcK9z3bC2fKREqVojuksvPT,EPjFWdd5AufqSSqeM2qN1xzybapC8G4wEGGkZwyTDt1v,6,1499000000,in,0
257239974,4n4cDMyRJZGS96rkNVpkaCQAsAPch4JNArEdmeP6Qbj4NASbhjczusNknHLEYgi87vAbyBzXkXktm5zYvefsmBKF,1711754057,ACTIVITY_SPL_TRANSFER,Dk4dtx1babzM7DVY9FpKM8tCMKLTnGsCWEZY39c1N1Xa,8QAG8Zjv8xYdog8QRmiC3WcK9z3bC2fKREqVojuksvPT,EPjFWdd5AufqSSqeM2qN1xzybapC8G4wEGGkZwyTDt1v,6,1499000000,in,0
257233401,2z4WTojjFpCu6YzudW6d3TeroBkXbXLAg4tdzfxwjDnb2rdJrMwvW9RmK4PmRFur5Zh1DCtKvBGzj3yEoT7qrC3U,1711751056,ACTIVITY_SPL_TRANSFER,Dk4dtx1babzM7DVY9FpKM8tCMKLTnGsCWEZY39c1N1Xa,8QAG8Zjv8xYdog8QRmiC3WcK9z3bC2fKREqVojuksvPT,EPjFWdd5AufqSSqeM2qN1xzybapC8G4wEGGkZwyTDt1v,6,1499000000,in,0
257184514,4p4AfC8uhW4x4xkxPe52kwx3BWyQQoBdJ9X1TQnAdxqwAMBgF75a7T1US9kJjfb44KXLo2GmaF6jTPHoVkmnnPQ,1711729256,ACTIVITY_SPL_TRANSFER,3we7j8MX8wAG3HeRFL4pVg9PgPmozd5i5vLzk3WnhH5n,8QAG8Zjv8xYdog8QRmiC3WcK9z3bC2fKREqVojuksvPT,EPjFWdd5AufqSSqeM2qN1xzybapC8G4wEGGkZwyTDt1v,6,1499000000,in,0
257183657,2fv3bzUDFhgcFDCDMukSikyQ77jmXeuHC6aUWWa5dCcFXUbZ22jviGwStN6hjisQbcW9goXfrX5rPNLAUU9VckeT,1711728873,ACTIVITY_SPL_TRANSFER,3we7j8MX8wAG3HeRFL4pVg9PgPmozd5i5vLzk3WnhH5n,8QAG8Zjv8xYdog8QRmiC3WcK9z3bC2fKREqVojuksvPT,EPjFWdd5AufqSSqeM2qN1xzybapC8G4wEGGkZwyTDt1v,6,1499000000,in,0
257182996,2t3SaABP5juZw3zKbeA19EZpF48nvDNxgAqgb3uchE2Jxd7QYTd7ys4Ee4VyrNbJrwqnuKcpRgftBVkJF5jdeZQ9,1711728581,ACTIVITY_SPL_TRANSFER,8QAG8Zjv8xYdog8QRmiC3WcK9z3bC2fKREqVojuksvPT,zcTEyCVwoiPR5pZHcuzR5nxaoYpscj66SkHJKAAub7J,EPjFWdd5AufqSSqeM2qN1xzybapC8G4wEGGkZwyTDt1v,6,11992000000,out,0
257180542,4tBvfHG2fEQqjwC6rrsMyQaWRZbiSkXJ8cQ2ZW9g7GknG5irAo7YpomEhwYgigGrLb41AzUpucLFgZwfxsof6Qpz,1711727522,ACTIVITY_SPL_TRANSFER,58QbTJf6b1PWfgJkwohovjxUnGENiAT8JG1dxXtcJ6LT,8QAG8Zjv8xYdog8QRmiC3WcK9z3bC2fKREqVojuksvPT,EPjFWdd5AufqSSqeM2qN1xzybapC8G4wEGGkZwyTDt1v,6,1499000000,in,0
257180313,5YB9vDeNvMKZwUdRp35PgtP6e4gP32hDgtS4STgyKC8yEYFbEXbtQH17BjBqvCXdJrHWavwL72B5btnwaKKC6h42,1711727424,ACTIVITY_SPL_TRANSFER,2kMxv2tW7NzYtqfU9M1YrsjEihkAjqag5E1UyNKcvByt,8QAG8Zjv8xYdog8QRmiC3WcK9z3bC2fKREqVojuksvPT,EPjFWdd5AufqSSqeM2qN1xzybapC8G4wEGGkZwyTDt1v,6,1499000000,in,0
257180235,4vBE7rL8ZssU2GRz1kzoYS6btTe2XL7bK4Kf7MBY43FGoxCbK1tF25UNbnyYnUfyE78CMcCgkSCsCinjJmBjFNa9,1711727390,ACTIVITY_SPL_TRANSFER,2kMxv2tW7NzYtqfU9M1YrsjEihkAjqag5E1UyNKcvByt,8QAG8Zjv8xYdog8QRmiC3WcK9z3bC2fKREqVojuksvPT,EPjFWdd5AufqSSqeM2qN1xzybapC8G4wEGGkZwyTDt1v,6,1499000000,in,0
257178144,5apTVSTJUEwr1vrxFSCAFbcjtkdce8PMVPTqAoAXeV4t95HuLTLshUbC5xLRryanTWF2Sj23kKTuHi2Dtzih9bEk,1711726492,ACTIVITY_SPL_TRANSFER,58QbTJf6b1PWfgJkwohovjxUnGENiAT8JG1dxXtcJ6LT,8QAG8Zjv8xYdog8QRmiC3WcK9z3bC2fKREqVojuksvPT,EPjFWdd5AufqSSqeM2qN1xzybapC8G4wEGGkZwyTDt1v,6,1499000000,in,0
257175655,2fRmR5jFhGnkyJWxfxpZ66KbS8tmsqxsdz9JhZFW5KSKPPsL724Ux5vzAWkjjF9uLf3c9ed8tEo4gi3dAMFuTdZa,1711725387,ACTIVITY_SPL_TRANSFER,HXKrQrLEJe8JRAxNJooBwKcfqBBSnsSM5njxW9unpQVk,8QAG8Zjv8xYdog8QRmiC3WcK9z3bC2fKREqVojuksvPT,EPjFWdd5AufqSSqeM2qN1xzybapC8G4wEGGkZwyTDt1v,6,1499000000,in,0
257170961,5EhQ94hSLiLvwsKU7Zk7HDRaKqjK9HWz8V4JSGqa28hTK1Yah1tfr5vzU3unHfLWxEn7ShLSYemFHatrsTjTsx5m,1711723350,ACTIVITY_SPL_TRANSFER,2kMxv2tW7NzYtqfU9M1YrsjEihkAjqag5E1UyNKcvByt,8QAG8Zjv8xYdog8QRmiC3WcK9z3bC2fKREqVojuksvPT,EPjFWdd5AufqSSqeM2qN1xzybapC8G4wEGGkZwyTDt1v,6,1499000000,in,0
257170155,yhfEyHJ6Yuj2KfS3D8N48w7q8HPqFa1tymprbtZXmJTGEfQn2osa8yXACZEDithHeFBmj56iuTovkEQmfEjXWcF,1711722995,ACTIVITY_SPL_TRANSFER,73hMPRQamUGvZVSn52f5GxixoSw1goJdCHCj1yer5pYc,8QAG8Zjv8xYdog8QRmiC3WcK9z3bC2fKREqVojuksvPT,EPjFWdd5AufqSSqeM2qN1xzybapC8G4wEGGkZwyTDt1v,6,1499000000,in,0
257169346,6rhwFdXdTEN9VErGW5NLgF7Yct25qsZDuQZADwNrekkCuuYuyr3TC7D3Cp2jFS4BUU3ATDpQ1kEb4cjvsAsKqb4,1711722642,ACTIVITY_SPL_TRANSFER,AEavnfqV9LUTCxNcvE4s7ZBANu4wvjppA9E5NnMF5dkx,8QAG8Zjv8xYdog8QRmiC3WcK9z3bC2fKREqVojuksvPT,EPjFWdd5AufqSSqeM2qN1xzybapC8G4wEGGkZwyTDt1v,6,1499000000,in,0
257166410,2wrWsVqSWeMdZPSTTRq98MQpk4TWa6GaZ38oXfVCfUNUBZWYc79d2qZ5wdfctpAaRAaxCfho13ept7P1qxCybNtR,1711721352,ACTIVITY_SPL_TRANSFER,8QAG8Zjv8xYdog8QRmiC3WcK9z3bC2fKREqVojuksvPT,zcTEyCVwoiPR5pZHcuzR5nxaoYpscj66SkHJKAAub7J,EPjFWdd5AufqSSqeM2qN1xzybapC8G4wEGGkZwyTDt1v,6,0,out,0
257164624,85hb72f2D5HbuHLhAfBwJDU5VNZNtSztSFBwaMZbVdqjYuQkS2hVuh4VnzFVFvoVgDgWsr9Xy7cj6Ehkhgr5TkS,1711720580,ACTIVITY_SPL_TRANSFER,8QAG8Zjv8xYdog8QRmiC3WcK9z3bC2fKREqVojuksvPT,zcTEyCVwoiPR5pZHcuzR5nxaoYpscj66SkHJKAAub7J,EPjFWdd5AufqSSqeM2qN1xzybapC8G4wEGGkZwyTDt1v,6,0,out,0
257164484,4ofs8xhUtKufDAkwotJWLHrAzXUWbAxanwGVEzcmwhpgef2LfKaCT1ox8yLHTqGqqqgd6nn7rTzBoaqm2EUUoL9C,1711720518,ACTIVITY_SPL_TRANSFER,8QAG8Zjv8xYdog8QRmiC3WcK9z3bC2fKREqVojuksvPT,zcTEyCVwoiPR5pZHcuzR5nxaoYpscj66SkHJKAAub7J,EPjFWdd5AufqSSqeM2qN1xzybapC8G4wEGGkZwyTDt1v,6,5996000000,out,0
257163864,3fAv34KGySeGFcRzAnAwxEnrrhiYko6AgTQenX8P8ghnSprSvPephuFuNN9PJq9JaEAodZupGAmbgictBELaXDsf,1711720252,ACTIVITY_SPL_TRANSFER,EWoL3QgqEuPtqTLd5K1y4kprtJs2DrGzLL4kSigoDESM,8QAG8Zjv8xYdog8QRmiC3WcK9z3bC2fKREqVojuksvPT,EPjFWdd5AufqSSqeM2qN1xzybapC8G4wEGGkZwyTDt1v,6,1499000000,in,0
257161494,RFGuhPntqqUMVGnbmKcF72HTkbiXzh3o21rDtq9yEWs6BDaTAVbgVnmEQtGMp2SQzoQjEc97E9Qs7zrVJ3Ssfyb,1711719196,ACTIVITY_SPL_TRANSFER,HiZANxa299PSpr7SSr5WxHvXxbGDjH5nA1fpFr7qCbMu,8QAG8Zjv8xYdog8QRmiC3WcK9z3bC2fKREqVojuksvPT,EPjFWdd5AufqSSqeM2qN1xzybapC8G4wEGGkZwyTDt1v,6,1499000000,in,0
257160878,2oWyw51A1ctMettxFscqefKh84dhui9XPF9gFoYbAGapZMGQ1192x4fGzxWfhicutjGWU2DFinz4kKKqRhiWgvA9,1711718921,ACTIVITY_SPL_TRANSFER,FibJ9GEu3m5DD8Tbe4tAcLVfZDjRWUGvLfN4zJsDCpD7,8QAG8Zjv8xYdog8QRmiC3WcK9z3bC2fKREqVojuksvPT,EPjFWdd5AufqSSqeM2qN1xzybapC8G4wEGGkZwyTDt1v,6,1499000000,in,0
257160799,26mduHCxcnza3GRN6FuFkK954E6jeNFUaq3KWJbSDzK2oiA9FKM5HkxdpFmeSzyaHoCvwADGrzD7U33wcE58HZ6v,1711718886,ACTIVITY_SPL_TRANSFER,AEavnfqV9LUTCxNcvE4s7ZBANu4wvjppA9E5NnMF5dkx,8QAG8Zjv8xYdog8QRmiC3WcK9z3bC2fKREqVojuksvPT,EPjFWdd5AufqSSqeM2qN1xzybapC8G4wEGGkZwyTDt1v,6,1499000000,in,0
257159250,sM6afes5MEGqaGody4sxTwi73xiC3RnFf8muLm63MS5AQfzBHdWpZ9Zt5scnCoo2jUd2uC6hgzwD7KaGs98mygA,1711718192,ACTIVITY_SPL_TRANSFER,8QAG8Zjv8xYdog8QRmiC3WcK9z3bC2fKREqVojuksvPT,zcTEyCVwoiPR5pZHcuzR5nxaoYpscj66SkHJKAAub7J,EPjFWdd5AufqSSqeM2qN1xzybapC8G4wEGGkZwyTDt1v,6,0,out,0
257159112,5nPzPP4vwwo5Nq3APqS79345FPnx7sHC26adLXbwLZ8krZez1f6nWNog4jfzwWDEtCjJTKCzZFkXdkEMfHvpmPzR,1711718132,ACTIVITY_SPL_TRANSFER,8QAG8Zjv8xYdog8QRmiC3WcK9z3bC2fKREqVojuksvPT,zcTEyCVwoiPR5pZHcuzR5nxaoYpscj66SkHJKAAub7J,EPjFWdd5AufqSSqeM2qN1xzybapC8G4wEGGkZwyTDt1v,6,8994000000,out,0
257158382,LMfrU6BRBJFUoLPSHsvTqpPu4yg1tk8tqNbFVNeoyiJFDetBUprnF97qz5voBztVdMTHZcJcPU6Beb5u2i63rjd,1711717808,ACTIVITY_SPL_TRANSFER,Ao2pt65jmQqSq4XBhg67ymxZ5rPNEJ3P4oRVG9Bisufx,8QAG8Zjv8xYdog8QRmiC3WcK9z3bC2fKREqVojuksvPT,EPjFWdd5AufqSSqeM2qN1xzybapC8G4wEGGkZwyTDt1v,6,1499000000,in,0
257158329,5DuG9Dg1BUGENehMHiYu58FYupjh6YU6RRWDQLXLcVzQCQ8AUEUnQuLcGyNawnhYqDxuaWsA7dVoqXaq8ngTMt9e,1711717786,ACTIVITY_SPL_TRANSFER,Ao2pt65jmQqSq4XBhg67ymxZ5rPNEJ3P4oRVG9Bisufx,8QAG8Zjv8xYdog8QRmiC3WcK9z3bC2fKREqVojuksvPT,EPjFWdd5AufqSSqeM2qN1xzybapC8G4wEGGkZwyTDt1v,6,1499000000,in,0
257158225,cAFW78YUv65mHHShUVmxt1KWE5ZZuC2x5esdcxrvcSRgq38ZraHA6RXdSSEu8JsZxR7bsdR7Y7WmKrGwxnhA1Q9,1711717738,ACTIVITY_SPL_TRANSFER,D1sxSCHxedLWXLaCTZZp8b2ktaCfd1p5cSLbCbnCkVAX,8QAG8Zjv8xYdog8QRmiC3WcK9z3bC2fKREqVojuksvPT,EPjFWdd5AufqSSqeM2qN1xzybapC8G4wEGGkZwyTDt1v,6,1499000000,in,0
257155281,4kyA1kCW1hv8eX8fod6LPKHMApVVj8KTzdoTRgg46LDynTDGvwLZ3TduiT25A1bwzz9WXBjfPzaqwNsAgra4c3HP,1711716410,ACTIVITY_SPL_TRANSFER,FibJ9GEu3m5DD8Tbe4tAcLVfZDjRWUGvLfN4zJsDCpD7,8QAG8Zjv8xYdog8QRmiC3WcK9z3bC2fKREqVojuksvPT,EPjFWdd5AufqSSqeM2qN1xzybapC8G4wEGGkZwyTDt1v,6,1499000000,in,0
257155258,3fvaa8PDYDPJUpq5c9GCUSUQ9W2vcTj2YybCszrxjFVihM8U6nByTHptWzR9UA7YnF78EcBM4A5q4Ts5X1Mt2vSC,1711716400,ACTIVITY_SPL_TRANSFER,FibJ9GEu3m5DD8Tbe4tAcLVfZDjRWUGvLfN4zJsDCpD7,8QAG8Zjv8xYdog8QRmiC3WcK9z3bC2fKREqVojuksvPT,EPjFWdd5AufqSSqeM2qN1xzybapC8G4wEGGkZwyTDt1v,6,1499000000,in,0
257155228,3aBCGgmuHbVXZWK2uyogvXqSPyKGrq8BKRQKQJLcNJtyXhpUh1QKAPxSEHmbJbc6nW53XB1B2t3ntsqaSDiHEZBR,1711716387,ACTIVITY_SPL_TRANSFER,FibJ9GEu3m5DD8Tbe4tAcLVfZDjRWUGvLfN4zJsDCpD7,8QAG8Zjv8xYdog8QRmiC3WcK9z3bC2fKREqVojuksvPT,EPjFWdd5AufqSSqeM2qN1xzybapC8G4wEGGkZwyTDt1v,6,1499000000,in,0
257155163,4ocQ3qYQC62fYNUhyZRa4f8aebcVtFCNrk4Cn7sapkH92cfMbVR6Bh4GMkgpB4xFm9jJznyyaA7NhBJUHSnQeMGx,1711716358,ACTIVITY_SPL_TRANSFER,8QAG8Zjv8xYdog8QRmiC3WcK9z3bC2fKREqVojuksvPT,zcTEyCVwoiPR5pZHcuzR5nxaoYpscj66SkHJKAAub7J,EPjFWdd5AufqSSqeM2qN1xzybapC8G4wEGGkZwyTDt1v,6,8994000000,out,0
257154881,2R4e9LhjQvAAh7JZwHb3MEVSj41DbRQMR5zxszR9megCimXBHjdD7xZLPJxaoBG1kVZncAoXYvt1vwG4TnSSvR55,1711716228,ACTIVITY_SPL_TRANSFER,FibJ9GEu3m5DD8Tbe4tAcLVfZDjRWUGvLfN4zJsDCpD7,8QAG8Zjv8xYdog8QRmiC3WcK9z3bC2fKREqVojuksvPT,EPjFWdd5AufqSSqeM2qN1xzybapC8G4wEGGkZwyTDt1v,6,1499000000,in,0
257152717,2HUtiNF1Arvzh8vDwvoi47LscKVBtSKdjyoWCUP7DKV8yDPvUxdd1YuKCGKakyQ92x6mTYBW6jFs92XMxzoVT2ej,1711715280,ACTIVITY_SPL_TRANSFER,FibJ9GEu3m5DD8Tbe4tAcLVfZDjRWUGvLfN4zJsDCpD7,8QAG8Zjv8xYdog8QRmiC3WcK9z3bC2fKREqVojuksvPT,EPjFWdd5AufqSSqeM2qN1xzybapC8G4wEGGkZwyTDt1v,6,1499000000,in,0
257152244,4r8w53QTjRPrJvoVX4EzGoL8T7SsWbzLFdCuk6KYW8x9ycBtwozbTdsy2wtLWSuicv5qzLkPzBgGyM4LVj4TEoRJ,1711715066,ACTIVITY_SPL_TRANSFER,FibJ9GEu3m5DD8Tbe4tAcLVfZDjRWUGvLfN4zJsDCpD7,8QAG8Zjv8xYdog8QRmiC3WcK9z3bC2fKREqVojuksvPT,EPjFWdd5AufqSSqeM2qN1xzybapC8G4wEGGkZwyTDt1v,6,1499000000,in,0
257152190,2nQGqguVch543dzbCeRqPxfkrqdheQTUMbz4kjUw9pgoVewmc2VtuvKRwRnSBkjNJP7GX1DoHJBm74qhN3BKA6Gi,1711715041,ACTIVITY_SPL_TRANSFER,FibJ9GEu3m5DD8Tbe4tAcLVfZDjRWUGvLfN4zJsDCpD7,8QAG8Zjv8xYdog8QRmiC3WcK9z3bC2fKREqVojuksvPT,EPjFWdd5AufqSSqeM2qN1xzybapC8G4wEGGkZwyTDt1v,6,1499000000,in,0
257152170,2ioknsCkGcRpockBDy4fgJ7dBqeJbT3mAW4Y1tKXHxbjTShWgzSDjh55JBBhDNZVyBhXg9BNRh2oodFXycF91FA1,1711715031,ACTIVITY_SPL_TRANSFER,FibJ9GEu3m5DD8Tbe4tAcLVfZDjRWUGvLfN4zJsDCpD7,8QAG8Zjv8xYdog8QRmiC3WcK9z3bC2fKREqVojuksvPT,EPjFWdd5AufqSSqeM2qN1xzybapC8G4wEGGkZwyTDt1v,6,1499000000,in,0
257152061,8MxAuJVzhnth8EV8nWDhg1PxPHRmTTjEJTzYqzXtXCRTAvzvtPnCA4TfmRSM1JiKdHasUQ8ghfXME36EJpwxAWQ,1711714981,ACTIVITY_SPL_TRANSFER,FibJ9GEu3m5DD8Tbe4tAcLVfZDjRWUGvLfN4zJsDCpD7,8QAG8Zjv8xYdog8QRmiC3WcK9z3bC2fKREqVojuksvPT,EPjFWdd5AufqSSqeM2qN1xzybapC8G4wEGGkZwyTDt1v,6,1499000000,in,0
257144954,VwTPeTDs2Yo9rWweYBMRYtNqR6cohKAsK5dmFLqxHzaEVMXH8ULbRcwkUpNAZ52c9AqynCjwNmiZmqeAUrK1DLF,1711711836,ACTIVITY_SPL_TRANSFER,8QAG8Zjv8xYdog8QRmiC3WcK9z3bC2fKREqVojuksvPT,zcTEyCVwoiPR5pZHcuzR5nxaoYpscj66SkHJKAAub7J,EPjFWdd5AufqSSqeM2qN1xzybapC8G4wEGGkZwyTDt1v,6,1499000000,out,0
257144010,4o2G67WfqTWCjcLAYy9Aa3qbvCGUCDE3zxaiy5iCMo3ybLYhXHQkQG32MeYAPJhQ37cu4ZXwxTc7u4qZ1qASPVx2,1711711426,ACTIVITY_SPL_TRANSFER,zcTEyCVwoiPR5pZHcuzR5nxaoYpscj66SkHJKAAub7J,8QAG8Zjv8xYdog8QRmiC3WcK9z3bC2fKREqVojuksvPT,EPjFWdd5AufqSSqeM2qN1xzybapC8G4wEGGkZwyTDt1v,6,1499000000,in,0
257143439,2eQuSmwyEvpGuVnU4z2WUArEiBVVTPWXqBCfUKGPAMKh6FV7G8PH8puGLPZaqhcaaQ56mnXjAmCQQhFzpSDN3o44,1711711179,ACTIVITY_SPL_TRANSFER,8QAG8Zjv8xYdog8QRmiC3WcK9z3bC2fKREqVojuksvPT,zcTEyCVwoiPR5pZHcuzR5nxaoYpscj66SkHJKAAub7J,EPjFWdd5AufqSSqeM2qN1xzybapC8G4wEGGkZwyTDt1v,6,0,out,0
257143214,5CrF7susnUUwHKH73kiZygQLGW3vdoy8MPsVvPndhFAcvKp2DiBfynr7k6fRvdY9bKHJ8eaDA7RnnqvQM8SiAtj8,1711711082,ACTIVITY_SPL_TRANSFER,8QAG8Zjv8xYdog8QRmiC3WcK9z3bC2fKREqVojuksvPT,zcTEyCVwoiPR5pZHcuzR5nxaoYpscj66SkHJKAAub7J,EPjFWdd5AufqSSqeM2qN1xzybapC8G4wEGGkZwyTDt1v,6,1499000000,out,0
257142625,4hMME6L1gEQ1aCoHFyWSALnMj2Sx4pcM8x4R1zsGzeBG8XfBkGYRLypj5qqWMbQNy4ZvnAQqotgy92T3RFwj3Bny,1711710822,ACTIVITY_SPL_TRANSFER,BvgJi7tkJDWKD3XHkWqBg3r9DLQHdKF3rciYfCzLbqN9,8QAG8Zjv8xYdog8QRmiC3WcK9z3bC2fKREqVojuksvPT,EPjFWdd5AufqSSqeM2qN1xzybapC8G4wEGGkZwyTDt1v,6,1499000000,in,0
257141721,5BkD8dW5ZDkU6rBFgYcxLiSkyZ7JN8AEvsDVmZXv6jLz21R7vMiKr7Pwsta7Bsi9mQ3yH7bCYGEzqhARtuamBfrg,1711710426,ACTIVITY_SPL_TRANSFER,8QAG8Zjv8xYdog8QRmiC3WcK9z3bC2fKREqVojuksvPT,zcTEyCVwoiPR5pZHcuzR5nxaoYpscj66SkHJKAAub7J,EPjFWdd5AufqSSqeM2qN1xzybapC8G4wEGGkZwyTDt1v,6,0,out,0
257136953,2wPGCY5618SZCmDiCbXdh7czDPW9qsPGtoDw3N5f9CioTzofH6Px1gmhD2WFBumZ22a5Q59a3SdENVE1xeR4krR9,1711708331,ACTIVITY_SPL_TRANSFER,8QAG8Zjv8xYdog8QRmiC3WcK9z3bC2fKREqVojuksvPT,zcTEyCVwoiPR5pZHcuzR5nxaoYpscj66SkHJKAAub7J,EPjFWdd5AufqSSqeM2qN1xzybapC8G4wEGGkZwyTDt1v,6,0,out,0
257136910,4ZtTbNxfuUbELt3Qz1kZgNC9y9oxvDBhNxfuH8Z718sAMYjxxdnV9C4hHZCWWVbbJ45GsGVHnZuFwVmGckGsojYd,1711708312,ACTIVITY_SPL_TRANSFER,8QAG8Zjv8xYdog8QRmiC3WcK9z3bC2fKREqVojuksvPT,zcTEyCVwoiPR5pZHcuzR5nxaoYpscj66SkHJKAAub7J,EPjFWdd5AufqSSqeM2qN1xzybapC8G4wEGGkZwyTDt1v,6,61958000000,out,0
257136191,3oeFJDgENLEp26737J4mXA9CFMs62NicXnRYwZFVn6Y1QmpZA7o1yaNnXvdeCMP5KPiDQoM39a8WYQ8PegRY32np,1711707990,ACTIVITY_SPL_TRANSFER,8QAG8Zjv8xYdog8QRmiC3WcK9z3bC2fKREqVojuksvPT,zcTEyCVwoiPR5pZHcuzR5nxaoYpscj66SkHJKAAub7J,EPjFWdd5AufqSSqeM2qN1xzybapC8G4wEGGkZwyTDt1v,6,1000000000,out,0
257135041,3836DqMCnk7AtQ6PDc6ZRA9fdiSPQQ767VHMVitddbftYgA29a88xG6AQVXY2pqj7yfiEzbadN61Y13x23k1f2zh,1711707470,ACTIVITY_SPL_TRANSFER,BZqLbddjkuoJvjbd6RNvqr1GyeXzsBgfynnDCKgpdgAy,8QAG8Zjv8xYdog8QRmiC3WcK9z3bC2fKREqVojuksvPT,EPjFWdd5AufqSSqeM2qN1xzybapC8G4wEGGkZwyTDt1v,6,1499000000,in,0
257135018,5aTQLcPUZL9a1PyVa9xRdD3fevcXPL23g6X3RPMYBZZbQvMMKSHuRTJxHqyCT82xSiMuoYg1qNyZYpqTVwZt6Hrr,1711707460,ACTIVITY_SPL_TRANSFER,BZqLbddjkuoJvjbd6RNvqr1GyeXzsBgfynnDCKgpdgAy,8QAG8Zjv8xYdog8QRmiC3WcK9z3bC2fKREqVojuksvPT,EPjFWdd5AufqSSqeM2qN1xzybapC8G4wEGGkZwyTDt1v,6,1499000000,in,0
257134852,5QmvJ4n2wXJmkSK7pJuBRbfCZ9LUMpj2Cx1xRDjwXTtbBatAzHdx2vm8ateSDWbLxQVLqWddJfuzVrXhDmSDGQ5e,1711707387,ACTIVITY_SPL_TRANSFER,BZqLbddjkuoJvjbd6RNvqr1GyeXzsBgfynnDCKgpdgAy,8QAG8Zjv8xYdog8QRmiC3WcK9z3bC2fKREqVojuksvPT,EPjFWdd5AufqSSqeM2qN1xzybapC8G4wEGGkZwyTDt1v,6,1499000000,in,0
257134825,4DdpRD7yF1KWukki6WfJ7zU8NfxKipZSc5tkith76MmABB1D6U9gGsuLJbSv3f5QFh5sftDX5wHJcLFP64R5JVJV,1711707375,ACTIVITY_SPL_TRANSFER,BZqLbddjkuoJvjbd6RNvqr1GyeXzsBgfynnDCKgpdgAy,8QAG8Zjv8xYdog8QRmiC3WcK9z3bC2fKREqVojuksvPT,EPjFWdd5AufqSSqeM2qN1xzybapC8G4wEGGkZwyTDt1v,6,1499000000,in,0
257134794,3eswmxtknzTo1GsdvhZCdBNsLnEpADvza1SAbNQpTGAicxXJE6XqAFHkZcRqncCcKTT2MiXaJ7Dww2GEJH3ytbY3,1711707361,ACTIVITY_SPL_TRANSFER,BZqLbddjkuoJvjbd6RNvqr1GyeXzsBgfynnDCKgpdgAy,8QAG8Zjv8xYdog8QRmiC3WcK9z3bC2fKREqVojuksvPT,EPjFWdd5AufqSSqeM2qN1xzybapC8G4wEGGkZwyTDt1v,6,1499000000,in,0
257134771,3YwLiyG847HMnj1eGZxyEy9Wbz8zVa5RaL6aVsXHGzxkYgThtgJY7RJELiCkVqSffacHPCGLFhbjgRtJsC5knHX9,1711707351,ACTIVITY_SPL_TRANSFER,BZqLbddjkuoJvjbd6RNvqr1GyeXzsBgfynnDCKgpdgAy,8QAG8Zjv8xYdog8QRmiC3WcK9z3bC2fKREqVojuksvPT,EPjFWdd5AufqSSqeM2qN1xzybapC8G4wEGGkZwyTDt1v,6,1499000000,in,0
257133829,6LnrhP2QuN1AfoaZ4edumhcnA433qMVKF2ZeykAJwvpw32beFJTc3L486fDopPo1koS6pZ4j1qccDvKTwM2i97P,1711706936,ACTIVITY_SPL_TRANSFER,BZqLbddjkuoJvjbd6RNvqr1GyeXzsBgfynnDCKgpdgAy,8QAG8Zjv8xYdog8QRmiC3WcK9z3bC2fKREqVojuksvPT,EPjFWdd5AufqSSqeM2qN1xzybapC8G4wEGGkZwyTDt1v,6,1499000000,in,0
257133751,5D62S7CE3SUJWdeZM1eEviZXwpz653VBx3xS4frWtehe4Sz4UF3StDgbfrTACK8XdPfaqzwiFiJsT5gP5Szg3Kki,1711706901,ACTIVITY_SPL_TRANSFER,BZqLbddjkuoJvjbd6RNvqr1GyeXzsBgfynnDCKgpdgAy,8QAG8Zjv8xYdog8QRmiC3WcK9z3bC2fKREqVojuksvPT,EPjFWdd5AufqSSqeM2qN1xzybapC8G4wEGGkZwyTDt1v,6,1499000000,in,0
257128245,2zw3QJ2pWu24uSYBRfw5yc7iepn2Yt96JqrAFqBevP2Y5uJxi3HBr87jewkjjuiPzdauRrfB1PjXaCXkW2wyKYyj,1711704449,ACTIVITY_SPL_TRANSFER,BZqLbddjkuoJvjbd6RNvqr1GyeXzsBgfynnDCKgpdgAy,8QAG8Zjv8xYdog8QRmiC3WcK9z3bC2fKREqVojuksvPT,EPjFWdd5AufqSSqeM2qN1xzybapC8G4wEGGkZwyTDt1v,6,1499000000,in,0
257117294,23UJbzmnKBZHgwuuhiz2bZ5WzCk8HRc6vpB4TMonNifMguiV5CPu1EQ3CJFs5yfSQYA4cyPLYbdauNAtyVf3knmc,1711699532,ACTIVITY_SPL_TRANSFER,BhAeNQhobuvUpDv6HVJNgFoAjKTGkTsNN2vrwSEpTgzF,8QAG8Zjv8xYdog8QRmiC3WcK9z3bC2fKREqVojuksvPT,EPjFWdd5AufqSSqeM2qN1xzybapC8G4wEGGkZwyTDt1v,6,1499000000,in,0
257105466,673TYtGdy6PL25oozyybCNFLAs1yeuJptX6uS6ZvPSg6mMeDCK9iFNWw7acYF2yCWLMA8rEYsNmHruyFwWaGWcN7,1711694095,ACTIVITY_SPL_TRANSFER,5fNATau8GJ5iPPLuK2QgVLqhaYAmoRuhR5wQZUL6CoWX,8QAG8Zjv8xYdog8QRmiC3WcK9z3bC2fKREqVojuksvPT,EPjFWdd5AufqSSqeM2qN1xzybapC8G4wEGGkZwyTDt1v,6,1499000000,in,0
257103653,2mfF5YPLhR9NAyAPdxfBEGsoFVrrqKTyEDN9CoAMHUa4qXFuxsnXq4Q2ukUtvBDNw43Aqcfk1d6BoYNBxvseZrbd,1711693252,ACTIVITY_SPL_TRANSFER,HXZPnkVq5R3dYV9No6jTYHZeSggqCHt3ThhUM3CuHxRf,8QAG8Zjv8xYdog8QRmiC3WcK9z3bC2fKREqVojuksvPT,EPjFWdd5AufqSSqeM2qN1xzybapC8G4wEGGkZwyTDt1v,6,1499000000,in,0
257101349,91rzMzTS8qTQBrDruqFFxVUJoBZtwmvrTYebJ9JY7BFSpzz6xsB1URnMQDigFJdMaMKTz2NhYMPYVGBz25uMVRE,1711692203,ACTIVITY_SPL_TRANSFER,HXZPnkVq5R3dYV9No6jTYHZeSggqCHt3ThhUM3CuHxRf,8QAG8Zjv8xYdog8QRmiC3WcK9z3bC2fKREqVojuksvPT,EPjFWdd5AufqSSqeM2qN1xzybapC8G4wEGGkZwyTDt1v,6,1499000000,in,0
257100219,2nsmB4Y3mptugBoT6CiMNfvdcUQvChhXQqXqRBJSKTdzHv6EycKxvUojUymGu47mjg88gYZ3MBWiqhHNCMegVzRV,1711691682,ACTIVITY_SPL_TRANSFER,2kMxv2tW7NzYtqfU9M1YrsjEihkAjqag5E1UyNKcvByt,8QAG8Zjv8xYdog8QRmiC3WcK9z3bC2fKREqVojuksvPT,EPjFWdd5AufqSSqeM2qN1xzybapC8G4wEGGkZwyTDt1v,6,1499000000,in,0
257099645,427FqNV2m4PrfVHEQT61F7piBzRA1tKc2m9rapGh8W1pN7VmL5ft7UHc3zw4jyaKPcRnKBi6oZh2F2tinyAHv4Ys,1711691424,ACTIVITY_SPL_TRANSFER,CVHU48FVc59Tjvy7NL3D79h4wTk5mPaYQkr96NsZJf4z,8QAG8Zjv8xYdog8QRmiC3WcK9z3bC2fKREqVojuksvPT,EPjFWdd5AufqSSqeM2qN1xzybapC8G4wEGGkZwyTDt1v,6,1499000000,in,0
257099609,3p6QFVMBXe989EpWi2nr4nTtzVVMo7VxfAcx4iAnhxPHYfhxQB4aTp4vtxfZnCxhdzb86aWoBAd6UpfBV1xgTEdk,1711691408,ACTIVITY_SPL_TRANSFER,2kMxv2tW7NzYtqfU9M1YrsjEihkAjqag5E1UyNKcvByt,8QAG8Zjv8xYdog8QRmiC3WcK9z3bC2fKREqVojuksvPT,EPjFWdd5AufqSSqeM2qN1xzybapC8G4wEGGkZwyTDt1v,6,1499000000,in,0
257099569,51q6x78KdVLrAGmKpa1pJyE65yEyi3fJMyj84wmv35U8n3fSZSms8ssQ24tjupxBaQSGgVn3foijXkrTKMgo7MzZ,1711691390,ACTIVITY_SPL_TRANSFER,2kMxv2tW7NzYtqfU9M1YrsjEihkAjqag5E1UyNKcvByt,8QAG8Zjv8xYdog8QRmiC3WcK9z3bC2fKREqVojuksvPT,EPjFWdd5AufqSSqeM2qN1xzybapC8G4wEGGkZwyTDt1v,6,1499000000,in,0
257098727,2hZyXHzZiPiXC9eEogDWsdm9x1SkgJhYakpNbfYjH4Ga5mx8xW5XmRZoyT5QqmbKeEshabMEhuycqdxz8RaccDxT,1711691006,ACTIVITY_SPL_TRANSFER,GBLqyoR7yFxiEnAAV4NYcNLyDKHzG4Lm6z2kg8voC1jY,8QAG8Zjv8xYdog8QRmiC3WcK9z3bC2fKREqVojuksvPT,EPjFWdd5AufqSSqeM2qN1xzybapC8G4wEGGkZwyTDt1v,6,1499000000,in,0
257098703,Nrt9ErF55QHZ8P8HPFfANoBZWkXZMqFRMr2Bs63ZNxyGSqKibS9XBzF8isQpm9PkgUz6obx5utcw1gg3fHsuuXe,1711690995,ACTIVITY_SPL_TRANSFER,6wvW2FWgPMwHf3kRojPBd5WuDQfX4BXJFguWaZ2zwy72,8QAG8Zjv8xYdog8QRmiC3WcK9z3bC2fKREqVojuksvPT,EPjFWdd5AufqSSqeM2qN1xzybapC8G4wEGGkZwyTDt1v,6,1499000000,in,0
257098597,4toPCL7eoynaTkqN7L71HiH9jMWU1G3Z5ydFUe6oDw3J6Av7Q1Qibfqa1zgH8f4gGL6rLW3PZbDksX5kYYHizfgV,1711690947,ACTIVITY_SPL_TRANSFER,FCeftGZcTL3sEfSYVPsTDT4Ba2cNLMfRwEtXGtKLvY7s,8QAG8Zjv8xYdog8QRmiC3WcK9z3bC2fKREqVojuksvPT,EPjFWdd5AufqSSqeM2qN1xzybapC8G4wEGGkZwyTDt1v,6,1499000000,in,0
257098346,62AFBFNzVKEksqmVKmAQBu3aGVTdDZBPCkcemyCzU7yTDfMmp6Sokqvq7pLJSpxfKDmvHwHYRZmPanBZYQaQdjUS,1711690832,ACTIVITY_SPL_TRANSFER,6wvW2FWgPMwHf3kRojPBd5WuDQfX4BXJFguWaZ2zwy72,8QAG8Zjv8xYdog8QRmiC3WcK9z3bC2fKREqVojuksvPT,EPjFWdd5AufqSSqeM2qN1xzybapC8G4wEGGkZwyTDt1v,6,1499000000,in,0
257098345,24jzXEpRcG3PnV4fc2f19bsE2qqyJTvE3WVezZkZ3GZBPsJNPPASrysgMoKatDNbz6jjU2y8NfC8Etvdb1UdiKgb,1711690832,ACTIVITY_SPL_TRANSFER,FCeftGZcTL3sEfSYVPsTDT4Ba2cNLMfRwEtXGtKLvY7s,8QAG8Zjv8xYdog8QRmiC3WcK9z3bC2fKREqVojuksvPT,EPjFWdd5AufqSSqeM2qN1xzybapC8G4wEGGkZwyTDt1v,6,1499000000,in,0
257098193,4EcaAnkLgcncNx6v2M6Ycho6iAGaLRXWv5BDURSRtR814sz4bQBswZZUQb5ia7qVWb7AHUzubMuic66wXJiKqRmn,1711690764,ACTIVITY_SPL_TRANSFER,5fNATau8GJ5iPPLuK2QgVLqhaYAmoRuhR5wQZUL6CoWX,8QAG8Zjv8xYdog8QRmiC3WcK9z3bC2fKREqVojuksvPT,EPjFWdd5AufqSSqeM2qN1xzybapC8G4wEGGkZwyTDt1v,6,1499000000,in,0
257097882,5j8trq7mwgUPhUHYpzoZabVTRs7oy4iSDW8SQnhbujR5uRvdb3Qa94VGnKpbQsGmqUnvcX2A3CzPKwmHtoE7hdhn,1711690624,ACTIVITY_SPL_TRANSFER,FCeftGZcTL3sEfSYVPsTDT4Ba2cNLMfRwEtXGtKLvY7s,8QAG8Zjv8xYdog8QRmiC3WcK9z3bC2fKREqVojuksvPT,EPjFWdd5AufqSSqeM2qN1xzybapC8G4wEGGkZwyTDt1v,6,1499000000,in,0
257096733,j76DcQCy8Vpc1w67JZEvZD49rCnTWyKAoZTSnxdr1a3dGwWyKdLeLMnGHzpi8ZwGWgxNNjqGFyzaiJ7HAiTGscy,1711690096,ACTIVITY_SPL_TRANSFER,GeEKoiXaNYf6NnTwfd3kM76mpm4BEsHpYCw3yGEDks14,8QAG8Zjv8xYdog8QRmiC3WcK9z3bC2fKREqVojuksvPT,EPjFWdd5AufqSSqeM2qN1xzybapC8G4wEGGkZwyTDt1v,6,1499000000,in,0
257096519,32rMjTsKN3ddGNtKKJZxuqBmRXhLkEAXYFdvHZGEqKXhEPVNUjUtBX1tRhSrWmDhA6uRrbmHyqB4MF6GPtuSxzaa,1711689998,ACTIVITY_SPL_TRANSFER,FCeftGZcTL3sEfSYVPsTDT4Ba2cNLMfRwEtXGtKLvY7s,8QAG8Zjv8xYdog8QRmiC3WcK9z3bC2fKREqVojuksvPT,EPjFWdd5AufqSSqeM2qN1xzybapC8G4wEGGkZwyTDt1v,6,1499000000,in,0
257096511,2tBBQnS8pPZ1VGQcotbpwt8utCcQt3Quy7v6zPy6mKPmTXFp7A6MFoZaL4vcU4oEMtsHiZ8MsU1vv7rUPosKkRTp,1711689995,ACTIVITY_SPL_TRANSFER,FCeftGZcTL3sEfSYVPsTDT4Ba2cNLMfRwEtXGtKLvY7s,8QAG8Zjv8xYdog8QRmiC3WcK9z3bC2fKREqVojuksvPT,EPjFWdd5AufqSSqeM2qN1xzybapC8G4wEGGkZwyTDt1v,6,1499000000,in,0
257094324,25PRjJfwudZ5bbJNnGUiTghggCm7HCueRvNPowSQrQrUspXZXzyb8r2mDfJY12Nr4EohcR2bB2CmJ4ZCafmXtLcL,1711688982,ACTIVITY_SPL_TRANSFER,233Bb3rJHve2FaF6TRKmTYH7Emdp9iaKaa9iW5Lf2Sue,8QAG8Zjv8xYdog8QRmiC3WcK9z3bC2fKREqVojuksvPT,EPjFWdd5AufqSSqeM2qN1xzybapC8G4wEGGkZwyTDt1v,6,1499000000,in,0
257090981,HELZFz2b8Qkckn65bTxsPW6KLGoTx2HemEjk8vwwiqejER7H4c2osoFvZEyxcPSnWUg95UmuTkBMoTiALjAL24h,1711687464,ACTIVITY_SPL_TRANSFER,6fz6KEVGB11PQHnzqbGWPYFDU2Tt5EKQ9SMSHf3aornj,8QAG8Zjv8xYdog8QRmiC3WcK9z3bC2fKREqVojuksvPT,EPjFWdd5AufqSSqeM2qN1xzybapC8G4wEGGkZwyTDt1v,6,1499000000,in,0
257090884,4RXoXbDCdFqZkrShRPiV5iqQpVf4tHLp2BTQap39TN5SfgPtf4ywcXCDdGdTy36YjCnbB76dpLx2VMxvfm8PDHPf,1711687423,ACTIVITY_SPL_TRANSFER,6fz6KEVGB11PQHnzqbGWPYFDU2Tt5EKQ9SMSHf3aornj,8QAG8Zjv8xYdog8QRmiC3WcK9z3bC2fKREqVojuksvPT,EPjFWdd5AufqSSqeM2qN1xzybapC8G4wEGGkZwyTDt1v,6,1499000000,in,0
257090682,4e2Dy3WZU1SiU3Fq8WhkE6VtCQHuAY5M1YXgvj5q6Rp1b89iFcw4X4ieumjVud4r9nYhoTbHRR2QEEJZwdy6hvv7,1711687336,ACTIVITY_SPL_TRANSFER,6fz6KEVGB11PQHnzqbGWPYFDU2Tt5EKQ9SMSHf3aornj,8QAG8Zjv8xYdog8QRmiC3WcK9z3bC2fKREqVojuksvPT,EPjFWdd5AufqSSqeM2qN1xzybapC8G4wEGGkZwyTDt1v,6,1499000000,in,0
257089453,5ksTudoqkfyKtFTZhgFKeFPrUA2LzzGY9Q92dSxJRau7ApQZ57zQ6ikhWEGpSTHAVGcX35t459bt1XPR6CXKD6Fh,1711686772,ACTIVITY_SPL_TRANSFER,GLP8MFB88KCFXtaBcQLrtvkfXEGDZaJRSrXpJstXH581,8QAG8Zjv8xYdog8QRmiC3WcK9z3bC2fKREqVojuksvPT,EPjFWdd5AufqSSqeM2qN1xzybapC8G4wEGGkZwyTDt1v,6,1499000000,in,0
257089411,5rmwZt8ywoNQ4o2SixspZnoLHpudMQjDx8T9Us9qsyocx9jagH462CQw8W6xr59D5YsMN6bbJBXteyuy5F3h7aKZ,1711686752,ACTIVITY_SPL_TRANSFER,GeEKoiXaNYf6NnTwfd3kM76mpm4BEsHpYCw3yGEDks14,8QAG8Zjv8xYdog8QRmiC3WcK9z3bC2fKREqVojuksvPT,EPjFWdd5AufqSSqeM2qN1xzybapC8G4wEGGkZwyTDt1v,6,1499000000,in,0
257089370,4UEi1XMxqwJnF5QU2SXB4RwwtnqLjja65yZYtTVR7k6tfiDknz1qV3CC2E4ntbvxy2QDwwrmr84fTpK7TacJgBLJ,1711686734,ACTIVITY_SPL_TRANSFER,6fz6KEVGB11PQHnzqbGWPYFDU2Tt5EKQ9SMSHf3aornj,8QAG8Zjv8xYdog8QRmiC3WcK9z3bC2fKREqVojuksvPT,EPjFWdd5AufqSSqeM2qN1xzybapC8G4wEGGkZwyTDt1v,6,1499000000,in,0
257088351,5BCQ8sfx4qmrKTVb1ArMGK13DHyZ6oWWhrmRvMtGvF94Eehr1ejUHzwvADe8FTRKoXtjXHssvGJBa7nzqe7PJkm3,1711686277,ACTIVITY_SPL_TRANSFER,6fz6KEVGB11PQHnzqbGWPYFDU2Tt5EKQ9SMSHf3aornj,8QAG8Zjv8xYdog8QRmiC3WcK9z3bC2fKREqVojuksvPT,EPjFWdd5AufqSSqeM2qN1xzybapC8G4wEGGkZwyTDt1v,6,1499000000,in,0
257087842,3v6hfhM8sCvRJp9jQGEGf7cn984SJcmPDmi8sJXcnGAPqRVCTnddMUcLy9oSFYVoYn4KTwUyhw1K2GWvLVkZPmgr,1711686055,ACTIVITY_SPL_TRANSFER,7n2yRHwhKZook83xs1oDFBcNRngXSHckrMSN3esiVZth,8QAG8Zjv8xYdog8QRmiC3WcK9z3bC2fKREqVojuksvPT,EPjFWdd5AufqSSqeM2qN1xzybapC8G4wEGGkZwyTDt1v,6,1499000000,in,0
257087678,5RfcqRaq1JWoFwRRLgz2rvDLPm6AHW9tgUy4ijNb5GDA7dhkK8igX4xEyfeijSRPHxGTuB35nFMcrSVWibsYD15G,1711685978,ACTIVITY_SPL_TRANSFER,FCeftGZcTL3sEfSYVPsTDT4Ba2cNLMfRwEtXGtKLvY7s,8QAG8Zjv8xYdog8QRmiC3WcK9z3bC2fKREqVojuksvPT,EPjFWdd5AufqSSqeM2qN1xzybapC8G4wEGGkZwyTDt1v,6,1499000000,in,0
257087519,62YQPXLnjvVkCV9TNAxsxMnFNDHxqQVea6E9J2CGLzHhxHUaZwVxhiQc9q62uV8ktC4nwWRsppSDsWzB83e7bLCB,1711685903,ACTIVITY_SPL_TRANSFER,FCeftGZcTL3sEfSYVPsTDT4Ba2cNLMfRwEtXGtKLvY7s,8QAG8Zjv8xYdog8QRmiC3WcK9z3bC2fKREqVojuksvPT,EPjFWdd5AufqSSqeM2qN1xzybapC8G4wEGGkZwyTDt1v,6,1499000000,in,0
257087006,3sVbTG6caFxfnPd6vAQgmACeC3u76V5XK1kM7aCuVBQSgFH83sWbrHQS8mgW4ZkXixQMvLDrsk2qw8TMneddQHas,1711685676,ACTIVITY_SPL_TRANSFER,FCeftGZcTL3sEfSYVPsTDT4Ba2cNLMfRwEtXGtKLvY7s,8QAG8Zjv8xYdog8QRmiC3WcK9z3bC2fKREqVojuksvPT,EPjFWdd5AufqSSqeM2qN1xzybapC8G4wEGGkZwyTDt1v,6,1499000000,in,0
257086664,3hNYMd5PgpArVrHukoGCcfsG7GWMsof9oMbMhb5q3MAcSXGEFfHRe7WQBaU21yEPHVmtUunNk8gDLouVioPfaLh9,1711685525,ACTIVITY_SPL_TRANSFER,FCeftGZcTL3sEfSYVPsTDT4Ba2cNLMfRwEtXGtKLvY7s,8QAG8Zjv8xYdog8QRmiC3WcK9z3bC2fKREqVojuksvPT,EPjFWdd5AufqSSqeM2qN1xzybapC8G4wEGGkZwyTDt1v,6,1499000000,in,0
257086563,3tV9BKBq4BEe8ybUbcy9GHQDda34gcVkGS9LXea1ZnUE9GSG3umKjmPTeracwfH9JYx6yLMtBJQGyG4bzQNBcGsb,1711685478,ACTIVITY_SPL_TRANSFER,FCeftGZcTL3sEfSYVPsTDT4Ba2cNLMfRwEtXGtKLvY7s,8QAG8Zjv8xYdog8QRmiC3WcK9z3bC2fKREqVojuksvPT,EPjFWdd5AufqSSqeM2qN1xzybapC8G4wEGGkZwyTDt1v,6,1499000000,in,0
257080051,6meMpigkqBqx2iwgdinTknzEDzNmbgyi6PjTAkm42Sfm3HXRM438KD4gLr6K5Gkpf6XpWQ8V4cFkrAMBGPo7Shf,1711682492,ACTIVITY_SPL_TRANSFER,5YY2tJmZoRzSxnzE5amvZXKHsEJ7bqbjDaKyAT2MsMTR,8QAG8Zjv8xYdog8QRmiC3WcK9z3bC2fKREqVojuksvPT,EPjFWdd5AufqSSqeM2qN1xzybapC8G4wEGGkZwyTDt1v,6,1499000000,in,0
267460168,5Zx3GEYemf4X8rQYtfuNwoUqMyFK6vD6joTVe48yKxL6En5D9Y5TUA9cAkAWuQ9G2jMXoK5bNz4654KN4kTFN8nr,1716454049,ACTIVITY_SPL_TRANSFER,A1P2DLa8bYuu2ouCBEGGStb7AN6HtLH6zz2SpSEsDqC,zcTEyCVwoiPR5pZHcuzR5nxaoYpscj66SkHJKAAub7J,EPjFWdd5AufqSSqeM2qN1xzybapC8G4wEGGkZwyTDt1v,6,20000000000,out,0
264289941,4QaaSTDhGrScjhJNvZZU65Y313p6jaTiG6LhrxHEjxi7ZvZx8WdfKKBkZzF5NNpQhLh8xbVmK2HHWA12pnpWdgux,1715041508,ACTIVITY_SPL_TRANSFER,DVSvNU1GZfoREh2Cft6UF3GZGs6dLBUpaVe3YgPAtMmv,A1P2DLa8bYuu2ouCBEGGStb7AN6HtLH6zz2SpSEsDqC,EPjFWdd5AufqSSqeM2qN1xzybapC8G4wEGGkZwyTDt1v,6,20000000000,in,0
261825575,4RtCfk57oRMBxQ9oRKkCJZXhLhWNPxvX9ZxSkikVBBERX2VieRsgu82z8eRWufHstZK1NrpJ1HuJwJNEJAp6e2WY,1713891459,ACTIVITY_SPL_TRANSFER,A1P2DLa8bYuu2ouCBEGGStb7AN6HtLH6zz2SpSEsDqC,zcTEyCVwoiPR5pZHcuzR5nxaoYpscj66SkHJKAAub7J,EPjFWdd5AufqSSqeM2qN1xzybapC8G4wEGGkZwyTDt1v,6,20000000000,out,0
261773310,73QwPQM5xSqXmPyoo5ju6WALPW6F41vuRzctSaKZHtSagckFZ12p5RFWqxqjLWyVqe9k53sKeuSJr9F5knT74rJ,1713867235,ACTIVITY_SPL_TRANSFER,BPvJAv4Yqg3jdM5bgG53ZPxScesyif2mNJHYzdhhnFYV,A1P2DLa8bYuu2ouCBEGGStb7AN6HtLH6zz2SpSEsDqC,EPjFWdd5AufqSSqeM2qN1xzybapC8G4wEGGkZwyTDt1v,6,20000000000,in,0
261205745,5M5YMH23upXHrpTxv4UN3BuB8z1XHALKk3HvFMtv4CGUYhMnrP13PtDiYqSo6b3enMdE42MbfvtKKCFbELCaeM28,1713603731,ACTIVITY_SPL_TRANSFER,A1P2DLa8bYuu2ouCBEGGStb7AN6HtLH6zz2SpSEsDqC,zcTEyCVwoiPR5pZHcuzR5nxaoYpscj66SkHJKAAub7J,EPjFWdd5AufqSSqeM2qN1xzybapC8G4wEGGkZwyTDt1v,6,60000000000,out,0
261165643,2ZF6UUHmqy4V6C1JcvrkFUdYNsRssfksAFZZYUao6szpfVQJtTpzELf8QtKwHzZfzkXwK6FUFUKZNX5iQDhAviE2,1713585551,ACTIVITY_SPL_TRANSFER,zcTEyCVwoiPR5pZHcuzR5nxaoYpscj66SkHJKAAub7J,A1P2DLa8bYuu2ouCBEGGStb7AN6HtLH6zz2SpSEsDqC,EPjFWdd5AufqSSqeM2qN1xzybapC8G4wEGGkZwyTDt1v,6,20000000000,in,0
261075074,39Fvat8XubW5aPbKdH3ySj1rH87oqZeB5zXcYbvNmYfUA64mAmXiWHiPBeWFcvXTzBAqgfHDRYLyWks7kykwRo5p,1713543859,ACTIVITY_SPL_TRANSFER,FVw1L6H9vNdSqeSpa65WJaLbxbaERC5CEieYua4cLi58,A1P2DLa8bYuu2ouCBEGGStb7AN6HtLH6zz2SpSEsDqC,EPjFWdd5AufqSSqeM2qN1xzybapC8G4wEGGkZwyTDt1v,6,20000000000,in,0
261052978,DGfUSK8qMEZt4DEJWvrc9hRZCr5GjXQ9KDCG5YNcTjqjqWLaWoS7xfc63zacxaYER9jwkoYPqLoFfw4A7UgRFJY,1713533870,ACTIVITY_SPL_TRANSFER,GyfGcpSFSuG1zzA2ivBZiKmfNiLXiEPrXuCf9C7q3Qsu,A1P2DLa8bYuu2ouCBEGGStb7AN6HtLH6zz2SpSEsDqC,EPjFWdd5AufqSSqeM2qN1xzybapC8G4wEGGkZwyTDt1v,6,20000000000,in,0
259700325,5YMq9e1SKvKLTGnz9BDuwJ6GcgzGKDeAVM7pEHSEy2QDtgsDv6kKYcER3cWw2L4P3jSAsE1Mh5Kk9E7aa4APVKXU,1712918214,ACTIVITY_SPL_TRANSFER,A1P2DLa8bYuu2ouCBEGGStb7AN6HtLH6zz2SpSEsDqC,zcTEyCVwoiPR5pZHcuzR5nxaoYpscj66SkHJKAAub7J,EPjFWdd5AufqSSqeM2qN1xzybapC8G4wEGGkZwyTDt1v,6,20000000000,out,0
259209986,3durHYcQQF44RxDNJeovqWS5QEzRkScMVTmixJ3CNRawUeAowR7HUCyDUxKX8KennFruayLSKSN73jsS5tGY8LYh,1712677297,ACTIVITY_SPL_TRANSFER,FEGjDf7opyExRdJDAshUFs6nc3HM9hvg2z2qrropWCcj,A1P2DLa8bYuu2ouCBEGGStb7AN6HtLH6zz2SpSEsDqC,EPjFWdd5AufqSSqeM2qN1xzybapC8G4wEGGkZwyTDt1v,6,20000000000,in,0
257918857,2fFEtbYfSMR8LpnPYfj8m55YxnDLXK2GNoYFVJh9DfyA6uPK7LUjgEbi1yc7bxnjaSDyv5YWEieZZudBfnCTutuz,1712055714,ACTIVITY_SPL_TRANSFER,A1P2DLa8bYuu2ouCBEGGStb7AN6HtLH6zz2SpSEsDqC,zcTEyCVwoiPR5pZHcuzR5nxaoYpscj66SkHJKAAub7J,EPjFWdd5AufqSSqeM2qN1xzybapC8G4wEGGkZwyTDt1v,6,60000000000,out,0
257918857,2fFEtbYfSMR8LpnPYfj8m55YxnDLXK2GNoYFVJh9DfyA6uPK7LUjgEbi1yc7bxnjaSDyv5YWEieZZudBfnCTutuz,1712055714,ACTIVITY_SPL_TRANSFER,A1P2DLa8bYuu2ouCBEGGStb7AN6HtLH6zz2SpSEsDqC,zcTEyCVwoiPR5pZHcuzR5nxaoYpscj66SkHJKAAub7J,EPjFWdd5AufqSSqeM2qN1xzybapC8G4wEGGkZwyTDt1v,6,60000000000,out,0
257733838,3sCEwNvX1BnRKsABUv6gkeBwrP4qmA6QDHZfe6ddTy3MWk7B25DLj9kgg69ZS3YzLUCKaK8Cr6NofuRYyRHnNoeR,1711973663,ACTIVITY_SPL_TRANSFER,5KDBYGqWTt3Dsq6ppv8PiyxhbmUVr2hsJPs2GR9pRrY5,A1P2DLa8bYuu2ouCBEGGStb7AN6HtLH6zz2SpSEsDqC,EPjFWdd5AufqSSqeM2qN1xzybapC8G4wEGGkZwyTDt1v,6,20000000000,in,0
257733838,3sCEwNvX1BnRKsABUv6gkeBwrP4qmA6QDHZfe6ddTy3MWk7B25DLj9kgg69ZS3YzLUCKaK8Cr6NofuRYyRHnNoeR,1711973663,ACTIVITY_SPL_TRANSFER,5KDBYGqWTt3Dsq6ppv8PiyxhbmUVr2hsJPs2GR9pRrY5,A1P2DLa8bYuu2ouCBEGGStb7AN6HtLH6zz2SpSEsDqC,EPjFWdd5AufqSSqeM2qN1xzybapC8G4wEGGkZwyTDt1v,6,20000000000,in,0
257323206,2G3ZEmm9wpH1axxSrLJPGNKUELeCepz3ZpAQN2H32tchAaJQaPZKFYVnYvQfbyN6gMX2g89BWJ6jFDJxddeXBWVB,1711790788,ACTIVITY_SPL_TRANSFER,4FXKSESimDwhMhnYZnu3BtSxECqiyQfugaJB5U5PDawY,A1P2DLa8bYuu2ouCBEGGStb7AN6HtLH6zz2SpSEsDqC,EPjFWdd5AufqSSqeM2qN1xzybapC8G4wEGGkZwyTDt1v,6,20000000000,in,0
257160138,64xSZKej9JYJmwao8b1DQTNtGg2vN3z29do59iykmGAoYhWNzpN6igpNHfZiM16CnHNZhGaEFZz5f3qKjHJcePnZ,1711718592,ACTIVITY_SPL_TRANSFER,Ao2pt65jmQqSq4XBhg67ymxZ5rPNEJ3P4oRVG9Bisufx,A1P2DLa8bYuu2ouCBEGGStb7AN6HtLH6zz2SpSEsDqC,EPjFWdd5AufqSSqeM2qN1xzybapC8G4wEGGkZwyTDt1v,6,20000000000,in,0
267459347,5Ke6dpLQBR6e1z4SDGPAzLPPWUugqaVSF39wDzCizqSGrGYNYk6G3DLL8URw6FAGT3Q9KMacJtwgmv7wwUq1JQs9,1716453669,ACTIVITY_SPL_TRANSFER,DprENQRtuDmBBbnxfxWPG5NsHDTiihvvc29X9TgD6pFJ,zcTEyCVwoiPR5pZHcuzR5nxaoYpscj66SkHJKAAub7J,EPjFWdd5AufqSSqeM2qN1xzybapC8G4wEGGkZwyTDt1v,6,50000000000,out,0
266062358,4j9sfbFScBG2QgzFUugMW9QoXCnRKuji4hThCAoc9yEodipm2ymbJk6Mdu7uQWB1p5v3AnqvivdpNnn6GCeH7Cd3,1715836356,ACTIVITY_SPL_TRANSFER,BfzChwbzV63ZpeRKbgUH1ztfXUYz5SosMXXGsgdjv76z,DprENQRtuDmBBbnxfxWPG5NsHDTiihvvc29X9TgD6pFJ,EPjFWdd5AufqSSqeM2qN1xzybapC8G4wEGGkZwyTDt1v,6,50000000000,in,0
264750362,4gZxeMsLjuqr2UdEmo3EYz5j3JoiveeR9rS2yBXy1obmE9Za6EUSazukWpwynhSN261pv3ffb8L9EePTNHMPdJfC,1715251976,ACTIVITY_SPL_TRANSFER,DprENQRtuDmBBbnxfxWPG5NsHDTiihvvc29X9TgD6pFJ,zcTEyCVwoiPR5pZHcuzR5nxaoYpscj66SkHJKAAub7J,EPjFWdd5AufqSSqeM2qN1xzybapC8G4wEGGkZwyTDt1v,6,0,out,0
264750242,5ihWYj9Kvu1AfDs2e9S41Y7EpFfRTkG3z9a8cscE42rayfccfH9KUK7pSPi6jm698aAcmUxnpNz7YvEz8dkjTvaE,1715251921,ACTIVITY_SPL_TRANSFER,DprENQRtuDmBBbnxfxWPG5NsHDTiihvvc29X9TgD6pFJ,zcTEyCVwoiPR5pZHcuzR5nxaoYpscj66SkHJKAAub7J,EPjFWdd5AufqSSqeM2qN1xzybapC8G4wEGGkZwyTDt1v,6,50000000000,out,0
263079859,3oRSFeuHXVLxqKAGX6aoq7KK4g7BK4KPe4v9L3NVdvoh49YxXrcoq3UUuKzSx5qMTzrcGAZ9pFSQFdfDtRk8CJ1X,1714481065,ACTIVITY_SPL_TRANSFER,BHqW2BXHpZ8rzbMbYjucWaM6TVbDLuK21WCuGt1zBt5o,DprENQRtuDmBBbnxfxWPG5NsHDTiihvvc29X9TgD6pFJ,EPjFWdd5AufqSSqeM2qN1xzybapC8G4wEGGkZwyTDt1v,6,50000000000,in,0
284563150,FtxxxeSsLFqDwnCu1WGVHVzgyS8yBqcA8gx7tBoVfAscuXeVt1fjJqvuYXokEC5E1XTepi97Db2FRvJg43DsDKz,1724076059,ACTIVITY_SPL_TRANSFER,B1u1cs45KFDqYBcoCHJnXgQM368qPWVaTi2XNLRE5MmK,zcTEyCVwoiPR5pZHcuzR5nxaoYpscj66SkHJKAAub7J,EPjFWdd5AufqSSqeM2qN1xzybapC8G4wEGGkZwyTDt1v,6,0,out,0
269297773,3hfuH1PRTCCDWidtN58BxK34ctUingDoYWZCwDR62TGYL3X5h2MUeGe8b5xbUUBFBSLfStZq2QxpR5KXu3d6vkLQ,1717272329,ACTIVITY_SPL_TRANSFER,B1u1cs45KFDqYBcoCHJnXgQM368qPWVaTi2XNLRE5MmK,zcTEyCVwoiPR5pZHcuzR5nxaoYpscj66SkHJKAAub7J,EPjFWdd5AufqSSqeM2qN1xzybapC8G4wEGGkZwyTDt1v,6,100000000000,out,0
267848518,5cesGjeQgsCGYaGnKeJwgRgvWadyQZynFiPxC8HYL28urAbCQRBLYSQivXsq48x4SyGuyPX1eQuYBH2QreQ96f6e,1716630597,ACTIVITY_SPL_TRANSFER,Fm8s3NTU3BmT9UWmfuQVjJfmzpUnN27pfsmQrDSwPoV,B1u1cs45KFDqYBcoCHJnXgQM368qPWVaTi2XNLRE5MmK,EPjFWdd5AufqSSqeM2qN1xzybapC8G4wEGGkZwyTDt1v,6,100000000000,in,0
261205237,2HTkjxYB1sh69KhEZ6t693xTsKGuxpq8GiVKxBz9RRFfnzkTWCtyFMbuwDBi5AXt32oVveFWZ7BARJKghpm3aj3W,1713603488,ACTIVITY_SPL_TRANSFER,B1u1cs45KFDqYBcoCHJnXgQM368qPWVaTi2XNLRE5MmK,zcTEyCVwoiPR5pZHcuzR5nxaoYpscj66SkHJKAAub7J,EPjFWdd5AufqSSqeM2qN1xzybapC8G4wEGGkZwyTDt1v,6,0,out,0
259166993,4Hf3ASwdTYznirdxtoYTCjByh2rppXsmu3dwyMJMLJGgLKVxR8YRariLaybbRriYkASKXKfRDo4KWzT65RM7XvzU,1712656164,ACTIVITY_SPL_TRANSFER,B1u1cs45KFDqYBcoCHJnXgQM368qPWVaTi2XNLRE5MmK,zcTEyCVwoiPR5pZHcuzR5nxaoYpscj66SkHJKAAub7J,EPjFWdd5AufqSSqeM2qN1xzybapC8G4wEGGkZwyTDt1v,6,100000000000,out,0
258993394,JnRy2k82ZoB8ak628FUoJBKpRf7UGK8W9fhkCHeqrRR9xCYGHitwktbfwDGL8EkR1NyZjGwQST3xoiVC9fhVoeM,1712570006,ACTIVITY_SPL_TRANSFER,FibJ9GEu3m5DD8Tbe4tAcLVfZDjRWUGvLfN4zJsDCpD7,B1u1cs45KFDqYBcoCHJnXgQM368qPWVaTi2XNLRE5MmK,EPjFWdd5AufqSSqeM2qN1xzybapC8G4wEGGkZwyTDt1v,6,100000000000,in,0
257969217,4ebkjkRAbZeVE8KWvxHjegXf3Gwvqp76PVU2VRJ5NpZ1XngbwCuKgRF6RjdeQ39wbRL5122vQi6Ef971qvvDFGCU,1712077860,ACTIVITY_SPL_TRANSFER,B1u1cs45KFDqYBcoCHJnXgQM368qPWVaTi2XNLRE5MmK,zcTEyCVwoiPR5pZHcuzR5nxaoYpscj66SkHJKAAub7J,EPjFWdd5AufqSSqeM2qN1xzybapC8G4wEGGkZwyTDt1v,6,100000000000,out,0
257969217,4ebkjkRAbZeVE8KWvxHjegXf3Gwvqp76PVU2VRJ5NpZ1XngbwCuKgRF6RjdeQ39wbRL5122vQi6Ef971qvvDFGCU,1712077860,ACTIVITY_SPL_TRANSFER,B1u1cs45KFDqYBcoCHJnXgQM368qPWVaTi2XNLRE5MmK,zcTEyCVwoiPR5pZHcuzR5nxaoYpscj66SkHJKAAub7J,EPjFWdd5AufqSSqeM2qN1xzybapC8G4wEGGkZwyTDt1v,6,100000000000,out,0
257314361,4kcma7hPdie8uz9NUuLfuCsMSreWVt1x3Saj151p37wWbSk1D53SocNrBmZFYCyfLcJFXoyAoNB7XnvQr2L6KWKg,1711786929,ACTIVITY_SPL_TRANSFER,FibJ9GEu3m5DD8Tbe4tAcLVfZDjRWUGvLfN4zJsDCpD7,B1u1cs45KFDqYBcoCHJnXgQM368qPWVaTi2XNLRE5MmK,EPjFWdd5AufqSSqeM2qN1xzybapC8G4wEGGkZwyTDt1v,6,100000000000,in,0

257314361,4kcma7hPdie8uz9NUuLfuCsMSreWVt1x3Saj151p37wWbSk1D53SocNrBmZFYCyfLcJFXoyAoNB7XnvQr2L6KWKg,1711786929,ACTIVITY_SPL_TRANSFER,8J9mWLNVFzAPWb3bmkiMxwp8CNG9JZqwH8bmkdurRub4,B1u1cs45KFDqYBcoCHJnXgQM368qPWVaTi2XNLRE5MmK,EPjFWdd5AufqSSqeM2qN1xzybapC8G4wEGGkZwyTDt1v,6,400000000000,in,0
257087006,3sVbTG6caFxfnPd6vAQgmACeC3u76V5XK1kM7aCuVBQSgFH83sWbrHQS8mgW4ZkXixQMvLDrsk2qw8TMneddQHas,1711685676,ACTIVITY_SPL_TRANSFER,8J9mWLNVFzAPWb3bmkiMxwp8CNG9JZqwH8bmkdurRub4,8QAG8Zjv8xYdog8QRmiC3WcK9z3bC2fKREqVojuksvPT,EPjFWdd5AufqSSqeM2qN1xzybapC8G4wEGGkZwyTDt1v,6,1499000000,in,0
264289941,4QaaSTDhGrScjhJNvZZU65Y313p6jaTiG6LhrxHEjxi7ZvZx8WdfKKBkZzF5NNpQhLh8xbVmK2HHWA12pnpWdgux,1715041508,ACTIVITY_SPL_TRANSFER,8J9mWLNVFzAPWb3bmkiMxwp8CNG9JZqwH8bmkdurRub4,A1P2DLa8bYuu2ouCBEGGStb7AN6HtLH6zz2SpSEsDqC,EPjFWdd5AufqSSqeM2qN1xzybapC8G4wEGGkZwyTDt1v,6,20000000000,in,0
263079859,3oRSFeuHXVLxqKAGX6aoq7KK4g7BK4KPe4v9L3NVdvoh49YxXrcoq3UUuKzSx5qMTzrcGAZ9pFSQFdfDtRk8CJ1X,1714481065,ACTIVITY_SPL_TRANSFER,8J9mWLNVFzAPWb3bmkiMxwp8CNG9JZqwH8bmkdurRub4,DprENQRtuDmBBbnxfxWPG5NsHDTiihvvc29X9TgD6pFJ,EPjFWdd5AufqSSqeM2qN1xzybapC8G4wEGGkZwyTDt1v,6,50000000000,in,0

257314361,4kcma7hPdie8uz9NUuLfuCsMSreWVt1x3Saj151p37wWbSk1D53SocNrBmZFYCyfLcJFXoyAoNB7XnvQr2L6KWKg,1711786929,ACTIVITY_SPL_TRANSFER,BjNCgxhycecp1Feucq9G2v8B227wqZ8xTwsXmKT1oDWs,B1u1cs45KFDqYBcoCHJnXgQM368qPWVaTi2XNLRE5MmK,EPjFWdd5AufqSSqeM2qN1xzybapC8G4wEGGkZwyTDt1v,6,400000000000,in,0
257087006,3sVbTG6caFxfnPd6vAQgmACeC3u76V5XK1kM7aCuVBQSgFH83sWbrHQS8mgW4ZkXixQMvLDrsk2qw8TMneddQHas,1711685676,ACTIVITY_SPL_TRANSFER,BjNCgxhycecp1Feucq9G2v8B227wqZ8xTwsXmKT1oDWs,8QAG8Zjv8xYdog8QRmiC3WcK9z3bC2fKREqVojuksvPT,EPjFWdd5AufqSSqeM2qN1xzybapC8G4wEGGkZwyTDt1v,6,1499000000,in,0
264289941,4QaaSTDhGrScjhJNvZZU65Y313p6jaTiG6LhrxHEjxi7ZvZx8WdfKKBkZzF5NNpQhLh8xbVmK2HHWA12pnpWdgux,1715041508,ACTIVITY_SPL_TRANSFER,BjNCgxhycecp1Feucq9G2v8B227wqZ8xTwsXmKT1oDWs,A1P2DLa8bYuu2ouCBEGGStb7AN6HtLH6zz2SpSEsDqC,EPjFWdd5AufqSSqeM2qN1xzybapC8G4wEGGkZwyTDt1v,6,20000000000,in,0
263079859,3oRSFeuHXVLxqKAGX6aoq7KK4g7BK4KPe4v9L3NVdvoh49YxXrcoq3UUuKzSx5qMTzrcGAZ9pFSQFdfDtRk8CJ1X,1714481065,ACTIVITY_SPL_TRANSFER,BjNCgxhycecp1Feucq9G2v8B227wqZ8xTwsXmKT1oDWs,DprENQRtuDmBBbnxfxWPG5NsHDTiihvvc29X9TgD6pFJ,EPjFWdd5AufqSSqeM2qN1xzybapC8G4wEGGkZwyTDt1v,6,50000000000,in,0
